,Ancient Runes,Arithmancy,Astronomy,Best Hand,Birth Month,Care of Magical Creatures,Charms,Defense Against the Dark Arts,Divination,Flying,Herbology,History of Magic,Muggle Studies,Potions,Transfiguration,Hogwarts House
0,-0.9490159590778251,-0.4802045125921503,1.2634077940542232,1,1.0161038990746754,0.44531075377175294,-0.1269423155412491,-0.2965779752642555,1.169387863531552,-0.36366123780881116,0.35340818861796097,0.18932129474402676,-0.2834048743507863,-0.7320187196120432,0.37228849758199467,Hufflepuff
1,1.0147834117231656,-0.25585534414839045,-0.8051502624174532,0,-1.619072681516937,0.6576789686405465,1.3766254475019502,0.14807244007653775,0.7684811638937558,-0.4932821468481684,0.3427794816077025,0.5752720399197107,1.5600606199461908,0.8230722786012089,0.40234383983048455,Ravenclaw
2,0.8763696674329614,-0.3677275710004001,0.5348314848745254,0,0.7233065012311629,-1.662938005803868,-1.0972383312544276,-0.13996561552377335,0.3473709086579405,1.828511367044305,-1.4273604334096754,-1.4854327451032674,-0.8335407197275856,-1.315511374337419,-2.1562444469515727,Gryffindor
3,-0.6253746082610205,0.7406540754701318,0.7033089760677422,1,-0.447883090142887,1.2703071423016954,-0.07392076254796114,-0.1279887277931851,0.36781788058846554,-0.33833183548862034,0.7291176523205731,0.2034535665823935,-0.4578973760581649,-0.41507570776849284,0.29561056225234267,Hufflepuff
4,-1.018548476031719,-0.02086319628519623,0.4728561300969274,1,-1.3262752836734244,0.16183131245891091,-0.07180728733189716,-0.12664359772662415,0.41236306943710976,-0.29700491591357214,0.49219707153009806,-0.03881315705273636,-0.4590444078775514,-1.0267561332209274,0.4785412926695224,Hufflepuff
5,-1.2673032071024362,0.683629475512594,-1.0209251474561052,0,0.7233065012311629,-2.2242363188257825,-1.1696208675646693,0.19445469749125113,-2.386194505387264,-1.522865949660784,-1.6481652937991864,0.35899289416765245,-0.6159115150204799,1.310186071961781,0.9217398065680829,Slytherin
6,1.3039476025347434,-0.18141495968632354,-1.032368489043241,0,1.6016986947617005,-1.174010255575291,1.343156390142925,0.19691452044554886,0.4196655594122974,0.11103432227282209,0.596384932819886,0.08140984710522386,1.324044554302427,0.6330448249671788,0.3602409906562771,Ravenclaw
7,-0.7965447490828169,-0.4577695957477743,1.2227865330254533,0,-1.619072681516937,0.6427467359602835,-0.292524093081116,-0.2878461630090473,0.4664014952534977,-0.08606329416202328,0.5477206892605015,0.2689857019395936,-0.751393716556754,0.3796293469130558,0.6005623337649703,Hufflepuff
8,0.9086983409257139,-1.339383214815584,-1.0725506641969131,0,0.7233065012311629,0.49275601477628383,1.5893363544149166,0.2055519482496553,0.33933816968523434,0.40032275929815964,1.1515916187845343,0.004616296254201672,1.539854564544064,-0.053483871600535825,0.23455541592329954,Ravenclaw
9,-0.737419139308602,-0.9725632536889407,0.5340218161364848,0,0.4305091033876504,-0.1367100208631479,0.06837288921576536,-0.13979157180306082,-0.13142901738185614,0.25070495369023066,1.0377605956355003,0.2830355177324033,-0.45944815847815557,-0.056502321553273845,0.13533045168624783,Hufflepuff
10,-1.3494946424265148,-0.13684748336744187,1.539861552993291,1,0.13771170554413795,-1.3053559526179217,-0.5257917953399712,-0.35600356322404086,0.23272181604749603,0.1712301083535995,1.1826976316864275,-0.22519919675283753,-0.48344293581546016,-1.4016114833348359,0.43217263597631944,Hufflepuff
11,-0.9550481698208121,-0.16702274888049742,-1.2355493740173524,0,-1.619072681516937,0.2667411288515173,-0.6892999960632173,0.2405896131558538,-2.0439511418834746,-0.9860261879352817,-1.2355011892512828,0.2274348540387269,-0.37144686678255895,0.9461078906414325,0.5425602126157534,Slytherin
12,-0.18959339686703516,0.3001798590430843,-0.901277227133406,1,-1.3262752836734244,-2.2360281735214333,-0.6067707267981838,0.16873557527483352,-1.2781633598188071,-1.0451964921407477,-1.7517662717828577,0.48560419382386555,-0.024189666769369945,1.4728488258219892,0.020257132831594082,Slytherin
13,-1.0138957879488242,0.6591385285531,-0.9119199730787884,1,-1.3262752836734244,0.8461265022819788,-1.1066999516931166,0.17102330483126313,-2.4618969847967085,-0.8794786210904304,-1.1136002777055956,0.013125287582015536,-0.5380604251874677,0.8168138604171242,0.6300539248086291,Slytherin
14,-0.6748983704751289,-0.21594417132551136,-0.9098643791232948,1,0.4305091033876504,-0.9938760433812952,-0.6922923760212337,0.17058144113629808,-1.9521831845286175,-0.38847789919134634,-0.784163611042272,-0.08627737843906193,-0.6432832239938618,1.0022406338462901,0.5919901488879961,Slytherin
15,-1.630880755348604,0.5125556756399804,0.9053102513008917,1,-0.15508569229937452,-0.8583393178481866,-0.2054669254567497,-0.1279887277931851,0.5026705287969294,-1.154615408236471,0.6501206631493183,0.7440626838121456,-0.8150733771962905,-0.5003772034336325,0.8970408476682267,Hufflepuff
16,0.8679229346388239,-0.5544634826322951,-0.6433788393668033,0,1.308901296918188,0.20519986620146985,1.2040352311118363,0.11329858868537303,0.7409751183205496,0.14784912159650024,0.6538814444948009,0.014189850889799979,1.1486117542185816,-0.042306046766426034,0.19639726875744012,Ravenclaw
17,-1.013991801904046,0.2986076007197588,-0.9255262274973489,0,1.6016986947617005,1.754101063606498,-0.85644921072395,0.17394806039203523,-1.9044735833573923,-0.9990498077517361,-1.1238718556026728,0.17123900193459363,-0.9980270051824872,1.2729280203447835,0.9725914913408117,Slytherin
18,1.1301783501572704,-0.741138922790216,-0.8038024056336543,0,-1.619072681516937,0.1585646306780716,1.591901251521791,0.14778270922907086,0.734889710007893,0.029816157748161556,0.9474051784303933,0.01173997504587886,1.7575126606487774,0.5070330134358746,0.9128420350279164,Ravenclaw
19,-1.2090016135033925,-0.2066920358074803,1.063541912292071,0,-0.7406804879863995,-0.4720139316113313,-0.5141004243497088,-0.2536154647077085,0.19547911717403965,-0.6817657155303982,0.08986388404490232,0.3924100901471645,-0.6733940667991453,0.3528265594164916,0.8709298755104194,Hufflepuff
20,-1.3244594966287395,1.162261192017273,0.592152800828822,0,0.13771170554413795,-1.172261770863179,-0.18961130151919442,-0.15228721648982665,0.25852394729315864,-0.6315171036401411,1.019624578943207,0.2034535665823935,-0.9368467615631447,-1.2516122178878977,0.880231642090043,Hufflepuff
21,-0.6656874807316937,0.18050681204842106,-0.8341634999591134,1,0.13771170554413795,0.841757205841687,-0.8574854291551286,0.15430902989953987,-2.0651283628115187,-0.7825705838735059,-1.1907406019747295,0.4038693840880935,-0.4845464513513349,1.4083782082595941,0.18349419280041204,Slytherin
22,0.5245515410225169,-2.383544155925665,-0.6980230407444897,1,-1.033477885829912,0.025372299513064904,1.0679828289748337,0.12504472593423435,0.5111901004346482,0.3522276593460563,0.21390944129637438,0.012611375358488611,0.6422494501712073,0.7753282598618186,0.3284121655237882,Ravenclaw
23,1.3649343929941875,1.4981802299431721,-1.2055667372824068,0,-1.033477885829912,-0.9267335997674935,1.435598701737458,0.2341446444804542,0.483197222196429,-0.8686085132121298,0.4286297716768292,0.36251069384783396,2.1453616605845824,0.44844605242631136,0.8263651222097866,Ravenclaw
24,-0.07468110703900704,0.34849656674835766,1.096560563178629,1,0.4305091033876504,0.8678118566167161,-0.16689429283218116,-0.26071304496888004,0.9393594293131443,-0.1356966169270936,0.4714670172133231,0.2726584553440986,-0.8027176835063746,0.9254277570946177,0.5847023855520368,Hufflepuff
25,-0.8833412079277698,-0.7584942358207709,0.6577432033606994,1,1.308901296918188,-0.855593218070708,0.014334497013883755,-0.1663863130256596,0.2616883596157401,-0.412166530511039,0.45011627384836017,0.6256686695737508,-0.11084182098153425,-0.021335722272066118,0.10226573232191641,Hufflepuff
26,1.3360968981833294,-0.5374105269716103,-1.1285502224888138,1,-0.15508569229937452,2.2817370250850875,1.3511292303053581,0.2175894285492736,0.22809690572987723,-0.4248825057649,0.04617765367534725,0.5843830236962989,1.7105447296887717,1.7940789823389478,0.5700513049736582,Ravenclaw
27,-0.8764374823233172,0.9481921741491032,-0.9367491990008111,1,1.6016986947617005,1.4657624479345521,-1.038375652583089,0.1763605133201799,-2.269354665784263,-1.0245843064469893,0.4714670172133231,0.26656617648259934,-0.36339675568743757,0.7019889711064533,0.18074368530283005,Slytherin
28,1.2828153679674055,1.3947135379735567,0.9524202251306092,1,-1.033477885829912,1.1191125707534342,-1.1849122141387147,-0.22972911344232871,0.3259502713973908,1.4931787938174867,-1.142459905817885,-1.2891486016506648,-0.41933382902025623,-0.7833506360261728,-1.7174045397918314,Gryffindor
29,1.0386962879311183,0.8675232278677082,-1.2697602323031558,0,0.4305091033876504,0.029739686221446602,1.2761031400436322,0.24794346638629888,0.34396308000285314,-0.6235183450127124,0.35576633518127043,0.07526352540471842,1.7396766404438118,0.05500867755219933,0.7754208329190289,Ravenclaw
30,-0.8839468429870813,0.1834094427991759,0.9367342888275135,0,0.7233065012311629,1.4995505049924776,-0.0946382914458799,-0.22635731632483444,0.6618648102560176,-0.0498637839635319,0.9395177180854668,-0.054928564419274774,-0.6258520590742737,-1.0486617486304828,0.4640868083708883,Hufflepuff
31,-0.5480667545161308,-0.02086319628519623,0.47004769835272747,0,0.13771170554413795,-0.6701803694252977,0.06328071349291951,-0.1260399065043218,0.5812940041964483,-0.21619694413903612,0.4782498621412204,0.12876524844135784,-0.37144686678255895,-0.14979514585533515,0.5649405023900249,Hufflepuff
32,1.1294204832596835,1.4932215690772992,0.74630538229769,1,-1.033477885829912,-0.8950351791308762,-1.3597276212633282,-0.18542334683025447,0.17649264323855196,1.7022745481934751,-1.227085475755553,-1.4982759572692463,-1.0159214140653356,-1.270279140958444,-2.019255327924255,Gryffindor
33,-1.1280685737058167,0.8460558546069171,0.7817048457683226,1,-0.15508569229937452,-1.1280444477365805,-0.2663393435056138,-0.1930326987098466,0.26120152695072746,-0.6100845324461334,0.7428928362360647,0.28722951168346056,-0.8274995272294238,-0.5227139918495982,0.7971427854941143,Hufflepuff
34,-1.321023733910716,-0.5661344771092884,0.9576899843528772,1,-1.033477885829912,-0.6464843646844244,-0.4254780995130137,-0.23086188349903386,0.08083002456359516,-0.3782230804382326,0.34591405209695947,0.09880857969876021,0.009067447683999688,-1.0189435957194333,0.24689129689459466,Hufflepuff
35,0.8240515967996325,0.12324032619498695,-0.6449269911410281,0,0.4305091033876504,2.3980635654234295,1.7028666800450287,0.11363137428317915,0.9559117399235694,-0.21219756482532182,1.5880594634015148,0.5484878369740884,1.0424898948252608,0.35715629003280286,0.7836062528856667,Ravenclaw
36,1.3699252014987735,-0.22041906039959175,1.2339409735488411,0,1.0161038990746754,-2.939745141833062,-0.9472169294962617,-0.29024388474380886,0.6207274500624612,2.0090987252866372,-0.8977052553986238,-1.341231229163435,-0.4811982221929627,-0.1611911902213238,-1.573478298500673,Gryffindor
37,1.0717837377547126,-0.04753111630775636,-1.1514650371773554,1,-0.15508569229937452,-0.0036065346267688306,1.5251204504929605,0.2225151215153665,0.3349566757001219,-0.5685525164960229,0.596254306618309,0.6175750692653741,1.7733913326283148,0.9880313391085324,0.6439410952147293,Ravenclaw
38,-0.9082722505218599,0.28959735109762397,-1.0684855285718158,1,1.0161038990746754,1.2292253613889208,-0.992011432524969,0.20467812010716685,-2.474311217754527,-0.8314860693258583,-1.2131682139696136,-0.016436546406484252,-0.253761917343391,0.8044263119716173,0.5283024528504684,Slytherin
39,1.1094133585016424,0.5455731004298168,-1.2358496506754801,0,0.13771170554413795,-0.25214508760031495,1.3953503363363982,0.2406541596356279,0.2650961882708279,-0.4886674784092672,0.573275441099157,0.42335362952572225,1.648598976252492,0.4600063201622821,0.42741876727603617,Ravenclaw
40,1.0375830821350736,-0.22193084724894324,-0.9882879731050623,1,-1.033477885829912,-0.0729870439767634,1.1219049458412056,0.1874391181676066,0.3176741160921779,-0.1063678352931884,0.22468924479835187,0.1052469356889275,1.58026814696027,0.17339124990024943,0.05526639005247274,Ravenclaw
41,-0.875136726229615,-0.5112263787408426,-1.0982173435390787,0,1.6016986947617005,-1.1951136787953198,-0.6793641546483261,0.2110691729628835,-1.9830970587569114,-1.0014084160649523,-1.3495589139754822,0.48049587539809285,-0.5280363010018546,1.606441135766527,0.5009104661667974,Slytherin
42,-0.09721358701128567,-0.48383280103059384,1.295831325491394,1,1.0161038990746754,0.4494722073108384,-0.16002834826564927,-0.3035476306119737,0.3634363866033531,-0.04812046477550259,1.1335957863262103,0.4192524761979386,-0.43624465411700064,-0.07015817298464547,0.21551076697210134,Hufflepuff
43,-0.4232551694747304,1.4884443226333486,-0.7992983887811429,0,0.7233065012311629,0.117300567945449,-0.8435814069273341,0.1468145406258714,-1.6717675694814158,-0.8525084477697412,-1.1311264844470554,0.4169853291163988,-0.3765062188208873,0.45704219859883366,-0.43892889703604177,Slytherin
44,-1.493300069034254,1.4803411451208246,0.6886292312187492,1,1.6016986947617005,-1.6425272121641916,-0.26998605721445074,-0.17302547167646112,0.32497660606736545,-1.0692953162105652,0.7731186796912183,0.2034535665823935,-0.5849402219027341,-1.4276170577259035,0.7553671778910971,Hufflepuff
45,0.76883614334367,-2.4532677654177553,-0.5810045572475331,0,-1.619072681516937,-0.9840223700845714,1.546801240748792,0.09989081878297817,0.7005680071245116,-0.4123716268861013,0.32958842821524204,0.7569278296922372,1.608328499992018,2.3133766517441674,1.1951541422621756,Ravenclaw
46,-0.8137401417950495,0.9659707874974767,-0.7860075298010618,0,1.308901296918188,0.8243344062751055,-1.2212801752056417,0.14395758142801873,-2.3925233300324265,-0.9283941065427828,-1.3711974847829012,-0.09324128279299938,-0.256972788317582,0.8684794278607597,0.6397163443521319,Slytherin
47,0.5654842059495736,-1.4037853345979572,1.600691499485951,0,1.0161038990746754,0.20790594898772508,-1.4472692694523277,-0.3690793678351306,0.30306913614180286,1.8945523998143572,-1.4299820484532069,-1.0745556463419361,-0.45049680744083387,-0.5786404007097717,-2.3647402948722664,Gryffindor
48,0.8492004206714169,-0.8727853216317429,-0.8117311789503859,1,1.0161038990746754,-2.246238955900201,1.4727281522565578,0.1494870521830419,0.48198014053389804,-0.2851093261599602,0.7284708295021423,0.1560651913076286,2.1679496150821045,0.36116765971554715,0.85059216762573,Ravenclaw
49,-0.9650816137225978,-1.9430699394986175,-1.5711415775296764,1,-1.3262752836734244,0.7020102197157453,0.022338115941599245,0.3127274060546483,-1.3475370145830887,-0.8943481082824453,-1.073329707085592,0.5283009003799398,-0.6592787157540646,1.3710062229775706,0.6104249455654142,Slytherin
50,1.0531292104922914,-0.2990924480398428,-0.7131070176795132,0,-0.447883090142887,-0.34487292727798396,1.64926831019126,0.12828712785192065,0.7477907756307242,0.3874016876692363,1.6413771176100818,0.12287246912260244,1.1985026758469204,-0.0707298993278477,0.3738053752207242,Ravenclaw
51,-1.015967779888874,-0.4840746869264901,1.1468177671063777,0,0.4305091033876504,-0.5176189816209938,-0.3024052166910627,-0.27151616771925485,0.8356640716654811,0.1338000199047345,0.5684062325982162,-0.49596014698828567,-0.5080592388578911,-1.4429892608973016,0.5169102690563637,Hufflepuff
52,0.4491802648998555,-1.656737510231447,-1.371746709802246,1,0.7233065012311629,-0.04297389356050912,1.4086809615665221,0.26986614312106033,0.07182362026086388,0.17604987316756293,0.7898229645639335,0.2498036844612819,0.833513541757678,0.05629324181076707,0.030537796875918014,Ravenclaw
53,0.9411294425250742,-1.9713705893184772,-0.5824323632661268,0,-1.3262752836734244,-0.46999913108069064,1.4999650796230164,0.10019773525419227,0.7645865025736551,0.34392125615603425,0.846849277787516,0.03751220203014829,1.3456187699256086,0.9538548674451894,0.8082877090908922,Ravenclaw
54,-1.025603239205828,-0.7234812523897907,0.893849342458363,1,0.4305091033876504,0.4694989817236304,-0.00012810280607668075,-0.21713890973708996,0.7640996699086433,-0.26941945346769625,0.6172870689456394,0.2638950354752694,-0.620242446070209,-0.41111064722715557,0.5267123457755766,Hufflepuff
55,-1.1988250241070022,-0.414592963330296,-1.446462431693882,0,-0.447883090142887,0.6158987225140832,-0.3197393613164496,0.28592678820069156,-1.4307854003002267,-1.3817596436179396,-1.2213572616007897,0.6999429111160237,-0.7920141340409947,0.8047468553879981,0.4045355427938701,Slytherin
56,-0.990624649494292,-0.6668194812760971,-1.1588562129140474,0,0.4305091033876504,0.3638665850585392,-0.7723228655270382,0.22410390426714613,0.36781788058846554,-1.3317161281027445,-1.7532164006028543,0.6062074294604891,-0.2943165461616979,1.895795993428166,0.6353165292103661,Slytherin
57,1.036625385088132,0.7072738218364512,-0.8490516408392507,0,-0.15508569229937452,-0.4262858686818117,1.319215070570231,0.1575093355449599,0.7025153377845614,-0.6201342548241849,0.5066575808254078,0.3289489786794796,1.682205698349183,0.33794933599244,0.7075412080374711,Ravenclaw
58,-0.8514961179107632,-1.2431126282488818,1.0499783508043612,1,0.13771170554413795,1.2402651901172912,0.012475231599967386,-0.25069988627850176,0.7103046604247617,-0.5096898568531503,0.22661764808784876,0.8866726658808514,-0.29084821376107345,0.7544277269386034,0.24113485037736887,Hufflepuff
59,0.806872436301997,-0.7607921518317852,0.9492992476179396,0,-0.7406804879863995,-0.5048654014760141,-0.9089007865823809,-0.22905823841277073,0.7071402481021805,1.6909942475650501,-1.1280718620727626,-1.2916749888587853,-0.5780475461284809,-0.8741365314336689,-1.670280967893322,Gryffindor
60,0.7006165375671225,-0.3521864021890668,0.7337529435295229,0,-1.619072681516937,0.3079382907652535,-1.1678265795441283,-0.18272511600499766,0.2176300034321086,1.3948350819751265,-1.5722839726346753,-1.2270012151231278,-0.20953118559443518,-1.1090008449067668,-1.9811451289659385,Gryffindor
61,1.1898084296905624,1.2477678562165928,1.126257990523856,0,0.7233065012311629,2.3879535287171434,-1.6405849944202477,-0.2670967059748137,-0.2066446641262879,1.8829644546233386,-1.2728551496996414,-1.4285942076084976,-0.9917709797731814,-0.4742409870109276,-1.9704100141963339,Gryffindor
62,-0.7461827007623103,0.0800032223035346,0.6932074940670611,0,1.6016986947617005,1.171214471426332,0.13611695160250853,-0.1740095999539693,0.7144427380773682,-0.544658788801268,0.5989234651142877,0.628849786853372,-0.25551645809411583,-0.3620692884647263,0.15271758868782373,Hufflepuff
63,-0.9669255930920035,-0.1759725270286582,0.807892557212238,1,1.308901296918188,1.5322709411916713,0.06655580210982912,-0.19866192276470512,0.65066765896073,-0.46702981084019735,0.7507868341342072,0.5422876441435426,-0.5443412769383217,-0.29979383446715147,0.42268401734486294,Hufflepuff
64,0.6588097512192634,-1.1239838245199851,-1.2095795192083445,0,-0.447883090142887,0.47385066287540756,1.3274580798945896,0.2350072188444938,0.20034744382416458,0.10108714808230178,0.6588529094214384,-0.08311290029795178,1.3632227446590257,-0.1932929159002867,0.3463321061729847,Ravenclaw
65,-0.9334233888853986,3.03330906824864,0.24155043042096794,0,-1.619072681516937,-0.05871144766190569,-0.35247314817150416,-0.0769228876359251,0.08375102055367019,-0.8841958377168626,0.7888251368637058,-0.11489838040494839,-1.1014153692004924,-1.338526818407823,1.1278869473830357,Hufflepuff
66,-0.9921152036688403,-0.135940411257831,0.48016723294608094,0,-1.033477885829912,0.12135660028786267,0.07173575431144548,-0.23480224630482066,0.9787928751791568,-0.3951435313808702,0.7514575830011735,0.3273244729405332,-0.14722321745087172,-1.2158191679603512,0.11856366063733863,Hufflepuff
67,0.7373681921395793,-1.8131167419283643,-0.8351043004061165,1,1.308901296918188,-0.16897546578765774,1.4557371338663592,0.1545112612597882,0.5058349411195102,0.046839156878330304,0.7197066463520703,0.4518444460383739,0.8417084710070784,1.4291551137673058,0.7402021707927621,Ravenclaw
68,-0.8286487824570375,-0.32781639817752095,0.8290735126022662,1,0.7233065012311629,0.117300567945449,-0.09868626905765983,-0.20321491105624737,-0.0024183611535428776,-0.24337221383478747,0.7507301658232078,0.6195835617315797,-0.021262440100561466,-0.1559612215647631,-0.08442360770363667,Hufflepuff
69,1.2891779284331333,1.145994365518251,-1.0659213432665027,1,-0.447883090142887,0.4731355149567432,1.3957869388217008,0.20412693129356257,0.48149330786888517,-0.334332456174906,0.7883924848690824,0.2525352012413574,1.750479005581677,-0.05325134889656271,0.2665803806696141,Ravenclaw
70,-0.6296358810962374,-0.47518538025230334,-1.145131432484936,1,-1.619072681516937,3.39922608333037,-0.5722095932487655,0.22115367074618075,-1.8114885443400042,-0.9312654557936546,-1.4487440950100923,0.4083205905956435,0.010109948625406599,1.158095111041397,0.10151750001431142,Slytherin
71,-0.972572501230707,0.49169301711892993,-0.8391580764704096,1,0.13771170554413795,1.1424640200322578,-1.1728788568675375,0.155382647588563,-2.4667653114468333,-0.8946557528450387,-1.2644439424349074,-0.04493606935380847,-0.658141514776627,1.3215677317865369,0.9786682716939052,Slytherin
72,1.0318469796795464,-0.02086319628519623,1.3384138536267216,0,1.6016986947617005,0.117300567945449,-1.2213132338794646,-0.3127010303738979,0.533584403025223,1.9103448206941522,-0.9550955844418092,-1.3518998630467443,-0.8044852205532756,-0.7295494173631498,-1.815765708634155,Gryffindor
73,0.8139380106836374,-1.0592793473677415,-0.880533031160205,1,1.308901296918188,0.1253864408427548,1.4345898422087517,0.16427647134659876,0.5416171419979299,0.19317542048526282,0.9368821386129749,0.393898444734805,0.8268070466693364,0.5421184472176209,0.13327861349371298,Ravenclaw
74,1.2302769874971513,0.31940978776683515,0.5983270881525985,0,0.7233065012311629,0.3999624851160184,-0.6886639015807117,-0.1536144209230604,0.7935530461418998,1.6043410291012392,-0.9987084672444114,0.2034535665823935,-0.12465595590743435,-1.3957963509693763,-1.5728056849025707,Gryffindor
75,-0.40368158720473524,-0.30102753520701275,0.9085326851886643,0,-0.447883090142887,0.117300567945449,0.15508579065067662,-0.22029519264788058,0.7597181759235305,0.11380312333616276,0.8904269855019914,0.32054990667386474,-0.3844494984091184,-0.20452630246487835,0.05651783062920019,Hufflepuff
76,-0.5714822398262802,-0.8495038041517301,1.0439524636185515,0,-1.619072681516937,1.0318714442572285,-0.2808931396671485,-0.24940458144933145,-0.04866746432973065,0.38094115185477473,0.7057323515987921,0.10691543213600416,-0.32859506840431385,0.19238381051039388,0.10428761414116544,Hufflepuff
77,0.9271094658366055,-0.02086319628519623,0.4780603855615823,1,1.0161038990746754,1.775696108624521,-1.2121878999503433,-0.1277622873116994,0.18476879854376457,1.3344341995192868,-1.440853412409267,-1.4213687931651682,-0.49341075976818916,-1.60501409977798,-1.9613533214586962,Gryffindor
78,0.6352077710324524,-2.7240590258735926,-0.8341006624528239,0,1.6016986947617005,2.40492309037414,1.2799140071673125,0.15429552255649806,0.28456949487132804,0.25593491125431866,0.35915873685987915,0.07106327042695175,1.1678861376709435,1.2762455411660703,0.39304917210907403,Ravenclaw
79,0.48875141242865133,-0.7488187999849214,0.48016723294608094,0,-0.447883090142887,-0.9024570218215342,-1.4437479507131579,-0.2586160560520366,0.36441005193337817,2.2430111410451605,-1.1989251329155366,-1.6303863318977139,-1.4932657416513235,-1.6293381519350945,-2.393399663521306,Gryffindor
80,0.8905423370578684,-0.3536377175644443,-1.3044350496557173,1,1.6016986947617005,-0.907563001524966,1.1506671320205468,0.2553970507270648,0.008291957476732307,-0.5921385996281845,-0.10062071314855348,0.22559863338993363,1.9156264968732442,0.6268711417182212,0.5687628134116662,Ravenclaw
81,-1.3335875443691463,1.2620391240744706,0.8121435155034512,1,1.6016986947617005,-0.18166064420476308,-0.3416595419689273,-0.19957569473444545,0.08642860021123898,-0.4688756782157577,1.1260740855013298,0.01833577217552091,-0.6713048148160103,-1.5645173440986782,0.6382100973808654,Hufflepuff
82,-0.9175534817603526,1.3850985736116812,-0.7353978820986976,0,0.4305091033876504,-0.6200161495637666,-1.0356397623357603,0.13307869852661655,-1.6325775399479094,-1.4296496471949804,-1.4968031488073834,0.4386101914842361,-0.9190533056861167,1.188156445620204,0.6849815643701769,Slytherin
83,0.7412487714396813,-0.42989224624573297,0.9933847346099871,1,1.308901296918188,0.9786884792996392,-1.3071905488346702,-0.2385347092520525,0.2417282203502273,1.7466779133944574,-1.3963295188569114,-1.2314402768390933,-0.9619527076955036,-0.6305116096230914,-1.9894804058792963,Gryffindor
84,0.9889676778035523,1.153250942395138,0.7154415839644042,1,-1.033477885829912,0.43676703577547127,-1.1152507486703003,-0.17878896656475782,0.5588997016058732,1.749959455395454,0.4714670172133231,-1.6924836994758516,-0.8818356118519639,-1.9498102595319324,-1.8753068436301092,Gryffindor
85,-0.9171682768110783,0.83462674602582,0.6822050149504525,1,-1.3262752836734244,-0.22034194828749723,-0.059227891965518364,-0.17164454334186582,0.341042084012778,-1.0703207980858764,0.4483031791020165,1.0268707264756083,-0.37133379353310336,0.241080661290834,0.40102909659628727,Hufflepuff
86,-0.2430937014463667,0.7659311515912887,0.8481597056527361,0,-0.447883090142887,0.7302590650262891,-0.3070995483737758,-0.20731761614620822,0.1239147154172017,-0.11641755767123983,0.4714670172133231,0.2926057162435445,-0.8958231503485129,0.952878923224135,0.6519889826850521,Hufflepuff
87,-0.9137886912252976,-0.021346968076988704,0.7433395103622125,0,0.7233065012311629,0.6903152618861043,-0.08148891894464085,-0.1847858127838536,0.3137794547720778,0.17307597572915995,1.151183855619955,-0.1954549924874349,-0.8166946506960032,-0.9734473718407132,0.5875213041051525,Hufflepuff
88,0.5643525156398288,0.6247302598618603,-1.077027790725437,1,0.4305091033876504,2.3551276245183295,1.4180297265325084,0.20651433659752552,0.7073836644346866,-0.30233742166519123,1.0688558772247467,-0.12224873659945579,1.6909968617417501,-1.7049308055730863,0.23340427071928543,Ravenclaw
89,0.9067652745594645,-0.16091513000911745,-0.8151787343139325,0,0.7233065012311629,-1.7597478509828897,1.614677537830826,0.15022812730999593,0.685232778176618,-0.034481555833861345,1.355769222902986,0.23649322044724122,1.4827443101615296,-0.0267984973883936,0.5786869084800416,Ravenclaw
90,-0.7419623022113063,1.330734718509002,0.6296206664350301,0,1.6016986947617005,0.3733624717512501,-0.28158053209178846,-0.16034118526851804,0.4245338860624223,-0.2663430078417621,0.6492986891232189,0.2034535665823935,-0.6499072809810765,-1.300626226676896,0.6514363438062638,Hufflepuff
91,-1.5989242211062185,-0.7545031185384831,-1.3850237365848381,1,1.0161038990746754,0.027480108446014964,-0.6198517020432373,0.2727201289953752,-2.0456550562110185,-1.5022537639670255,-1.2741924280096313,0.7336563558179827,-1.2503693214821516,1.658720196277493,1.0730859252053562,Slytherin
92,0.8018141876798619,1.288827987044979,0.8390254119454754,1,-0.447883090142887,0.20593391616686493,-1.6088669068195167,-0.20535413850627868,-0.12363969474165608,1.539735670956623,-1.4607516144723443,-1.433681021228237,-0.8620501768559091,-1.4062311740404456,-2.1498454988696305,Gryffindor
93,-0.7101530423776309,0.14888023115998808,0.9488540572989564,1,0.13771170554413795,-0.5841722637590369,-0.21478149179464637,-0.22896254177055073,0.18257805155120835,0.24619283343886067,1.0250546259284685,-0.14915694778421337,-0.37144686678255895,-1.0388569884154228,0.14935132699443793,Hufflepuff
94,0.6958054106061705,-0.17331178217379958,-1.3209364629644134,1,0.4305091033876504,1.484077301080581,1.7057553241645032,0.25894414009130395,0.3955673424941784,-0.6150068454476281,0.9652573675173501,0.44708554927693733,2.0746612088316234,-0.2409020490184087,0.5728369723641997,Ravenclaw
95,0.906799474798796,-1.2185612098154137,-0.9842474462971945,1,1.6016986947617005,-0.7261847908820513,1.3246800113392776,0.1865705798552816,0.40433033046440336,-0.014279562890227367,0.38553476923611385,0.24489387032949453,1.4378273603873932,0.6322278596756201,0.2581514776923317,Ravenclaw
96,0.7664208949603081,-1.5614949387223036,1.2612766288088368,1,-1.619072681516937,0.42180079727519365,-1.1824989309497127,-0.29611986701413595,0.49196021016665376,2.1209787978831076,-1.2391191974386349,-1.2107642570999069,-1.132608457708506,-0.18108506776004757,-1.990359094948342,Gryffindor
97,-0.804665236958973,1.4060821750806798,-1.0330447127018292,1,-0.15508569229937452,-0.6330651021928024,-0.9596595303502725,0.1970598792522373,-2.0091426063350806,-1.168664509928237,-1.3178460933567406,0.31226902362029574,-0.3516079508120518,0.34612652314946646,0.006129344750735869,Slytherin
98,-1.0393159006498427,-0.6509154836209196,0.48016723294608094,1,0.13771170554413795,0.22858841859838247,0.1343808012497223,-0.1279887277931851,0.1448485200127393,-0.5468123007394219,0.814857991808299,1.0072281981808555,-0.02641570724958217,-0.04519464007395451,-0.09454712066534351,Hufflepuff
99,1.2138516072812866,1.833796910499201,-1.0333469185311703,0,-0.15508569229937452,0.4410490430535731,1.1936035095896143,0.19712484042029085,0.5795900898689046,-0.8552772488330821,0.2703714580227837,0.3411688271608027,1.8995140514629398,-0.0695864466414435,0.3933174622016033,Ravenclaw
100,-1.4708707223964135,0.129408416540341,0.7054262735206502,1,-0.15508569229937452,-0.6354538063259639,-0.16684983461566086,-0.17663610847375588,0.05186348099535118,-0.5417874395503961,0.9582061004990122,0.30592050670244064,-0.20481578356552493,-1.451335444767994,0.2977646783516172,Hufflepuff
101,-0.154200293205824,-0.5046349880776703,0.8009349064912127,0,-0.447883090142887,-0.16228469469636758,0.42935764799141724,-0.19716632912003026,0.6387402586679236,-0.16994771156249336,0.9514275154392048,1.2447579805145006,-0.692726719837299,1.6430415755420535,0.10320860234899895,Hufflepuff
102,-0.6819059994260555,0.6065888176696426,0.7930022986840622,1,-0.15508569229937452,-0.15710200481542425,0.041891751530132214,-0.19546116191664925,0.5413737256654231,-0.1850222951295705,1.1244179954406792,0.3510047012239196,-1.11121276593249,0.013263355623965615,0.7312051673109137,Hufflepuff
103,-0.9860978252026582,0.13793489437068335,0.48016723294608094,1,-0.15508569229937452,-1.598877842778624,-0.8856388797544427,0.2115155883352299,-2.3024592870051133,-0.6668962283383834,-0.9628073867167265,-0.3553579142831764,-0.37155994003201454,0.3944859401187383,0.8735350674887514,Slytherin
104,0.9141654814778585,-0.6913708997095652,-1.3356936062414102,1,-1.619072681516937,1.2879902751465544,1.346054153896557,0.2621162869241333,-0.07933792222551832,-0.03991660977301162,0.6379047953465151,0.5976872689328286,0.8471545398218698,1.0877135912175389,0.08770086558440233,Ravenclaw
105,1.1644691071294615,-0.02086319628519623,-1.1908861064960337,0,0.7233065012311629,-0.2593297108774129,1.422131281994966,0.23098894452018318,0.13121720539238918,-0.08924228797548851,-0.024102200373461575,0.2034535665823935,1.4032853573976773,2.3877113906906526,0.7848042340930935,Ravenclaw
106,-1.005301673968753,0.47935683642822186,0.7004624208676562,0,1.308901296918188,-0.4543033689393973,-0.3300650670915863,-0.17556909508395088,-0.6021962044489466,0.09636993145586946,1.3027203905399127,0.04934131896520172,-0.45760306193666317,-0.8387516181606289,0.2835011641845849,Hufflepuff
107,-0.8331355912559308,-0.9582315143570886,-1.2235111431544867,1,0.13771170554413795,-0.530522878894614,-0.3826123991086718,0.23800191476547264,0.36781788058846554,-0.712325075414677,-1.000025666511827,0.29684403750960153,-0.4669962765718571,1.0453117824657587,0.3921021184777926,Slytherin
108,-1.3404810673565553,-0.02086319628519623,-1.175546974934451,0,-1.033477885829912,-0.01749940508275839,-1.1718357987107384,-0.1279887277931851,-2.600400877992765,-1.6392581425086243,-1.8888032130548174,0.3722213913609577,-0.40303841411634267,1.619457131397574,1.1010154958019582,Slytherin
109,-0.09721358701128567,-0.49671322498706844,1.2023275741716313,0,-1.033477885829912,-0.2247199856873835,-0.28796313604796053,-0.2834483727109548,0.5776427592088546,-0.4826171353449301,0.13266285747611078,0.5688802996643477,-0.3478775523825349,0.47730062091730807,0.39381049944648516,Hufflepuff
110,-0.7809497909600983,-0.042935284285727855,0.4942999180116337,1,0.7233065012311629,1.5771426846768613,0.08882708867737911,-0.13125308363054786,0.18330830054872702,0.49077026070062246,1.4444687901922368,-0.4249435076966771,-0.32343363320211066,-1.9413493899344023,0.0578818829806892,Hufflepuff
111,-0.8961321603876888,1.0258375467317953,-0.8631395914923343,0,-1.033477885829912,0.5241040932513129,-1.288280987408527,0.16053763493911802,-2.610137531293016,-1.1244662411023167,-1.5183149282316772,0.2138853302807543,-0.31654697382530816,1.18572512467442,0.45973421867670083,Slytherin
112,0.7882471038712902,-2.1531478400844994,0.7723479541691372,0,-0.7406804879863995,-0.7258052628808772,-0.6072449477743862,-0.19102137216145218,0.6927786844843113,1.4527748079302187,-1.4087303483098905,-1.0283057445648283,0.1347305541243667,-0.14210516817901125,-1.4135061299507048,Gryffindor
113,0.9274281423099365,-1.3685909367450546,-1.0697342003058454,1,-1.033477885829912,-0.3496701468360922,1.597982907550755,0.2049465304635615,0.30209547081177773,0.1338000199047345,1.0133255236137262,0.5657167084018877,0.901008760575914,1.319347566487587,0.46701804527872526,Ravenclaw
114,-0.6500520030228534,-0.02086319628519623,1.2556470971478524,0,0.7233065012311629,1.768106103921717,-0.36446546708897465,-0.29490976146094683,-0.060838280955043185,0.05924748756959789,0.5472180429810305,0.5034654418268487,-0.19482783403157927,0.663266168407402,0.0562164553085134,Hufflepuff
115,1.3070488956094455,-0.028361659057979577,-0.914804906214043,0,0.7233065012311629,1.1150711550553745,1.4668266090022086,0.17164344054019723,0.43597445369021626,0.037712368188059106,0.8960725522686922,0.37813995952259494,1.557465244853298,0.6168283019996511,0.15328795177334764,Ravenclaw
116,1.3641277766287416,0.7910872847644973,-0.7802286116057577,0,1.6016986947617005,0.8631645458466137,1.4074646303607288,0.14271536423826034,0.7317252976853118,-0.4531858055234938,0.6322283986898339,0.2034535665823935,1.7328014049264615,0.7891577890033487,0.7078331646150535,Ravenclaw
117,-0.6565052611329549,-0.7686534434484129,0.48016723294608094,0,0.13771170554413795,0.3256180001101547,0.21930967425252001,-0.1236018867337236,0.3846136075313971,-0.10411177516750339,0.7175107051618812,0.4280759753565494,-0.331106412548886,-0.1453017997869134,0.125281497348167,Hufflepuff
118,-0.34024733108821886,0.4560753189482091,-0.7465789103718025,1,-0.7406804879863995,-1.4108302710624765,-0.9925278318091548,-0.1279887277931851,-2.032510574255681,-0.992896916499868,-1.7533414969312529,0.5406219824629307,-0.06969518853193155,1.9080066094478614,0.023528765242518783,Slytherin
119,0.9101221501217941,-0.2813138346914694,-1.4751481951371208,0,-1.619072681516937,0.722168269021831,1.7014679561560802,0.29209298527188227,0.1341382013824642,-0.49574330334891564,0.9114315629335674,0.47214584353055616,1.7622930291129075,0.6276268746765378,0.8339778170443404,Ravenclaw
120,1.1666221642720564,1.460506501657333,0.9543697431649029,1,1.308901296918188,1.292106571823975,-1.438758370874584,-0.23014817540723273,0.021193023099563515,1.7380638656418421,-1.126681618855517,-1.4811050700858823,-1.0094570423921978,-0.7307496451500796,-1.6969816315139077,Gryffindor
121,-0.8853376094399462,1.2995314379383875,0.5289151841436222,0,-0.15508569229937452,0.9922588747554426,-0.23932128735894306,-0.13869386703740777,0.09007984519883268,-0.30326035535297147,0.969938737328795,-0.05767413977327088,-1.1759552414800594,-0.5795742183150759,0.9994302724777095,Hufflepuff
122,1.002487288413535,-0.6982646477426079,1.272365567927906,0,-0.447883090142887,0.07977610010676812,-1.3220532726033003,-0.29850350878312415,0.25462928597305884,2.0047917014103294,-1.3791841859942142,-1.2589849928062193,-0.3893171935726772,-0.6411808811526896,-2.3624015517951515,Gryffindor
123,0.7245607503314687,-0.027091758104524334,1.1927664832061813,1,-0.15508569229937452,0.7806127922751851,-1.8807687992335056,-0.2813931521404719,-0.35269446363003876,2.1478464230162655,-1.5741429471842914,-1.4147047758030489,-1.374856481266508,-0.7679412566861555,-2.604652378788228,Gryffindor
124,0.7501979089482037,0.2606315150640496,-1.2898957366596788,1,1.308901296918188,0.7636294683179969,1.3982777389010426,0.252271727972776,0.3417723330102968,-0.6027010629438916,0.5750258666672053,0.43653916133493204,1.4745825988913064,0.046198934155038354,0.4158889488461795,Ravenclaw
125,0.9596835235333813,1.092960882843001,-0.8764659345022671,1,0.7233065012311629,0.7217112862856915,1.4271710198214043,0.1634022216669606,0.7426790326480929,-0.6119303998216938,0.8838951717338437,0.5020260741294582,1.5497882131133076,-0.07545965973484269,0.41317522391966394,Ravenclaw
126,-0.9990248661522739,-1.3172506553410783,-1.2794686717862305,1,-1.619072681516937,-0.04166819149280061,-0.46521120558415774,0.2500303605080057,-2.1892706923897065,-0.6593076624610792,-0.9012795479708609,0.51506162243991,-0.675988102005948,1.5302227522145737,0.336425848368844,Slytherin
127,0.5844845284612394,0.8605085368867174,-0.9709315407353774,0,-0.7406804879863995,0.5489620889458522,1.3748106403045541,0.1837082367268514,0.49439437349171644,-1.014534584068938,0.7440001189441436,0.6473456848073231,1.641596166944123,0.15252999211579063,0.8331969050194302,Ravenclaw
128,-0.7004960369440157,-0.35841496400839495,1.0694140897099742,1,1.0161038990746754,-0.5986203253289841,-0.3369937091429565,-0.25487772859228086,0.2641225229408026,-0.4002709407574271,0.1543867475702005,0.5659145691876115,-0.5474076996884217,0.9585903003276115,0.5385705707463408,Hufflepuff
129,1.26823502700067,-0.7700442873498162,-0.9028772699421653,1,0.7233065012311629,-0.03657723061770456,1.9794537845075733,0.16907951519822706,0.6608911449259925,-0.22737469657993006,1.3375946555608125,0.5781800614955542,2.2303780670592492,1.1139104748817115,0.9589558161039725,Ravenclaw
130,0.9603528680213977,-1.103604937790727,-1.1309502636952855,0,0.4305091033876504,0.04070557477564156,1.7048980785536727,0.21810533348892663,0.4627502502659038,-0.38899064012900203,0.7429915934972503,0.5832968138338356,1.592250322019115,1.3799384978325762,0.9776279268898894,Ravenclaw
131,0.4970955989877878,-0.14724857689098006,0.5717465861629791,0,-0.15508569229937452,0.18514108669625368,-0.8220305714582468,-0.14790076390837134,0.5187360067423418,0.49159064620087156,-1.6692475405443785,-0.8303389133633029,0.5838867611771535,-1.062370616376256,-1.3777327822826895,Gryffindor
132,0.7190656829228939,-0.9357361260387386,1.182789528318856,1,-0.447883090142887,-0.2018302583716957,-0.9560629746292999,-0.2792485388333394,0.7268569710351866,1.550093037897268,-1.223735145366067,-1.1921998436949524,0.08085493981560665,-1.1509920947922017,-1.8986098050163276,Gryffindor
133,-0.8388070721457558,0.1767575806620294,-0.8708550634690222,1,0.4305091033876504,0.4415174931145405,-1.0790663202407984,0.162196127340746,-2.430496277903401,-0.9070640835363062,-1.4020845235913375,0.16595408669121017,-0.3524578626983159,1.476698621370827,0.6202553489879559,Slytherin
134,-0.05000839042272007,0.8073541112635192,0.2270641314977441,0,-0.15508569229937452,-2.2075118864904093,0.2447534535527045,-0.07380896061182729,1.0897907228020076,-0.4986146525997875,0.1317120078372932,0.2718771380282048,-1.041183159720937,0.5485398714933419,0.838777232119062,Hufflepuff
135,1.0998995962401894,-0.02086319628519623,-1.2379789988765888,0,0.4305091033876504,-0.3820891214917206,1.3754809334151494,0.24111187729990416,0.16626915727328945,-0.016022882078256678,0.6056040793508695,-0.07960686762157344,1.889837906766534,0.0006773816101178916,0.40163230690251345,Ravenclaw
136,0.809768660614248,0.9793349832457438,-1.2772626039644719,0,-1.3262752836734244,-0.2666401415005471,1.3011627547549216,0.24955615144718388,0.1640784102807332,-0.615724682760346,0.692826610133044,0.22963451840016402,1.845449265403599,-0.5213204921331124,0.3822159212474321,Ravenclaw
137,-1.4131092269165577,0.7352116428124665,-1.3296306932864792,1,0.13771170554413795,0.25648580876612287,-0.7043200335210671,0.2608130231577861,-1.8740465417941108,-1.6089038789994081,-1.2126760572356352,0.8268054400393592,-0.9602407801343507,0.5302355968657964,0.19561532595435088,Slytherin
138,1.0812552484868394,0.9400889966365793,0.3810861041636701,0,-1.033477885829912,-0.10033550319830858,-1.0633657300839228,-0.10691701571487248,0.22907057105990233,1.4121657256678886,-1.3818859229863623,-1.4502578204798202,-0.4561315920885119,-1.3188476375335643,-1.7853536397965202,Gryffindor
139,-0.5143884688238263,0.5575464522766804,0.7867938633811439,0,-1.619072681516937,1.5594053491521933,-0.03435636970873432,-0.1941266171464784,0.4853879691889852,-0.31464320416892766,0.7082499615657991,0.47086580974167924,-0.7249694619165669,0.2613312223321389,0.48605697184492386,Hufflepuff
140,-0.5669047199712541,0.9087647731180166,0.6208711782680219,0,1.6016986947617005,3.060267430991043,-0.02683495143711183,-0.15846042415799091,1.2876882011295905,-1.1449758786085442,-0.2956993489916253,0.5626214387624682,-0.8710116065242777,0.4578772556731657,0.9700708496847089,Hufflepuff
141,0.7186685485351693,-1.8169264447887299,-1.013952015881453,0,-1.619072681516937,-0.5946994351342573,1.498485418980918,0.19295577613335424,0.23759014269762116,0.3176689201480632,1.0170335492603348,0.23494213125095018,1.0009761496018834,0.7810428540123053,0.4906186502189747,Ravenclaw
142,0.549722298807471,0.4190667768760848,0.7401951456968998,0,0.4305091033876504,-2.0867674660865605,-1.3332305242179172,-0.18410991052912112,0.20180794181920214,1.409396924604548,0.4714670172133231,-1.393391311299511,-0.6174090628298732,-1.7299675323977242,-2.046246173990508,Gryffindor
143,0.4375067153401768,0.7959250026824221,-1.0562246572211533,0,1.0161038990746754,0.4350771866647815,1.2324166725650927,0.2020425636520528,0.5535445422907357,-0.7400130860480839,0.644098272624038,0.3863770809436349,1.3408752843219227,-0.7875590611861791,0.24719073245875864,Ravenclaw
144,0.41793109337856227,-0.7552287762261717,1.2698794701410931,0,0.4305091033876504,1.757376615157216,-1.5532462580912647,-0.29796910540487437,0.2604712779532087,2.0316593265434872,-1.3781208691253817,-1.4349615983412205,-0.9954797941532683,-1.6217573889455594,-2.5968498150898123,Gryffindor
145,1.580951341876624,1.5927576152386007,-1.0325601450788797,0,0.13771170554413795,0.1838887346111423,1.4606024586895296,0.1969557181946682,0.7278306363652118,0.04089136200152434,1.0727077976544248,0.1749013602535125,1.202400111693942,-0.14562150917073452,-0.008447716478718783,Ravenclaw
146,-0.09721358701128567,-0.935070939825024,-1.1091679510588324,1,-1.619072681516937,-0.3960733639371945,1.6064504878662453,0.21342307942765926,0.5501367136356483,0.23911700849921216,1.0887504991201322,-0.019505570532670536,1.3130221578201262,-0.03016479297058471,0.47752898655507464,Ravenclaw
147,-0.7953786974262314,0.36313066345008,0.9470514355668652,0,-1.033477885829912,0.33998912980408896,-0.3427196994397679,-0.22857505615013554,0.5847018328515357,-0.5557339930546308,0.1221690127170529,0.21964033830064902,-0.6635634526470534,0.06895374264375899,0.757131925254284,Hufflepuff
148,-0.8553827669960988,0.053214359333026345,0.894918450774236,0,-1.3262752836734244,1.4193511129015002,0.0019671331416756745,-0.21736872173352392,0.8663345295612689,-0.12892843655003855,0.8537820182146902,0.013955547506368208,-0.6682199048912385,-0.9429601027261876,0.5042690527890282,Hufflepuff
149,0.7350073686248615,0.8961262350574382,-1.1594969464735494,0,-0.7406804879863995,-0.8333974690662637,1.3685420317753547,0.22424163423922205,0.34396308000285314,-0.5734748294975175,0.8968960004421156,0.2101407318038621,1.6822759939238943,-0.547709332087134,0.39304917210907403,Ravenclaw
150,-1.0597217950608588,-0.17827044303967246,1.1311695167504217,1,-1.619072681516937,-0.41091370208247185,-0.3720940410619526,-0.2681524714486263,0.03117309273231981,-0.28521187434749135,0.6548020208559532,0.42177656465550745,-0.22096367229436992,-0.28765938884805325,0.19369657252872854,Hufflepuff
151,1.0949348474209188,0.6661532195340909,0.5130562493637131,1,1.0161038990746754,-2.2979022414495556,-0.9669290187282876,-0.13528488273808517,0.4001922528117972,1.401398165977119,-1.2625883033364553,-1.268237881380376,-0.8290360268742059,-0.583364909111912,-1.435034362976872,Gryffindor
152,0.9135788794297179,-0.2069943931773506,1.2318946689967318,1,0.4305091033876504,-1.1716792105200744,-1.167399096692983,-0.28980401786834825,0.6058790537795797,1.8248196322931838,-1.1810891868358881,-1.3126075704950482,-0.3246168254286955,-1.3306908435531788,-2.2831548131501327,Gryffindor
153,0.37790991471122753,-0.08224174236886636,-1.20272381403306,0,-1.619072681516937,0.9018103081047184,1.0229090371500433,0.23353353907799793,0.17697947590356453,-0.11046976279443388,0.543612349378895,0.20465084030180403,0.5274815474155817,-0.6081429997345432,-0.23002768978837762,Ravenclaw
154,0.7269766111740416,0.30592464907061995,-0.9292880317037866,0,-1.3262752836734244,0.8630261317401485,1.5333178616465286,0.17475668541350373,0.5640114445885045,-0.13856796617796543,1.380422278209983,0.11070825648403802,1.7076059461161377,-0.9265339829275689,0.3306595555521104,Ravenclaw
155,1.6148507366542364,1.1167261721148063,0.7674328780024832,0,-1.619072681516937,0.6659775473647929,-0.8598873128014297,-0.18996484360422997,0.5598733669358984,1.814462265352539,-0.8867250649647057,-1.575194981240176,-0.19642120339254202,-0.9857347835165993,-1.6173464149624643,Gryffindor
156,-1.4492241931418122,-0.9931235548401208,1.0155734743269402,1,-1.619072681516937,-1.7468095730576072,-0.07170013163054172,-0.24330432753768122,-0.2494859386473882,0.1189305327127196,1.614547846096028,0.440747124642152,-0.3217627002053699,-0.9017767438581035,0.05613313280339149,Hufflepuff
157,-0.8243293672014503,-0.8335998064965525,-1.0270539791426412,0,-0.447883090142887,1.2992730407114073,-0.644327660168432,0.1957721309306686,-1.9745774871191926,-0.8505600322066497,-1.269910062529048,0.43353268805132866,-0.5361703978212902,1.800383984270106,0.5797582722427804,Slytherin
158,-1.1570943179029132,-1.6707668921934287,0.48016723294608094,1,0.7233065012311629,-1.727447407742795,-0.1002537061785288,-0.32909387368026977,0.2115445951194522,0.32556513058796077,1.214747838840407,0.39652305374005836,0.2160346365462674,-0.868712066296612,-0.4105308271777924,Hufflepuff
159,0.7561012167242233,-0.5164269255026118,-1.1469414808222709,1,0.13771170554413795,-0.3079528059583658,1.8291644934960185,0.22154275276515764,0.46348049926342255,-0.22040141982781275,0.4714670172133231,0.5325200039065765,1.5680177753478017,0.14497476912279014,0.5708844804239108,Ravenclaw
160,0.7577611300343454,-2.0624406291234103,-1.6424694460279592,0,0.4305091033876504,-1.0047866960149663,1.8044103865290142,0.3280598093458727,-0.29403112749603216,-0.6406438923304123,0.5623009583364186,0.6536687564355322,2.0103192279235063,2.1609809518148726,1.5923283742281158,Ravenclaw
161,-0.46283567173373874,-0.2642004075568106,0.9986805528934937,1,-0.447883090142887,0.20259241253235752,-0.42110067511728333,-0.23967308087858882,0.08058660823108894,0.09155016664190603,0.36839651408697033,0.13013956654548292,-1.3378464092881206,1.5080929508133962,1.074924963057193,Hufflepuff
162,-1.2057581515976756,0.4011672205797633,0.8902885265138949,0,0.7233065012311629,0.8976559350464249,0.020019448956985063,-0.2163734884893245,0.8621964519086626,-0.6290559471393937,0.8869053923128538,0.3818452668902303,-0.5334939508037385,-1.1728626598426428,0.48726214418937847,Hufflepuff
163,-1.0973592379555746,0.9915502209885036,0.7569308841803598,1,0.4305091033876504,-0.5334018502378773,0.02708032570363965,-0.18770736965985416,1.2407088489558835,-1.4634905490802557,0.1091783022013659,0.8847576770445051,-0.6864441530953422,-0.15569099382183801,0.8625569049870299,Hufflepuff
164,1.1725781651277456,0.6207391425795724,-1.251192461808959,1,0.4305091033876504,1.0831645322274948,1.403947871438636,0.24395219969868193,0.3938634281666345,-0.35586757555644477,0.5811768536632863,0.08588921702908825,1.8406566136905482,-0.0954784598594424,0.4531301012503522,Ravenclaw
165,-1.4358553223693826,0.4456742254246709,-1.0123943431390863,1,-0.7406804879863995,0.5568928716357869,-1.191279998689379,0.19262094393964743,-2.4604364868016706,-1.4249324305685482,-1.4714105875432557,0.14962634396624902,-0.9794942438110564,1.4731026507286207,1.4547207012225147,Slytherin
166,-0.8451418343301209,-1.0356954725178584,1.126527157707471,0,-1.033477885829912,1.459397919090695,0.03678247649324159,-0.2671545652645812,0.6156157070798298,-0.08442252316152508,0.8245825262481421,0.5866372044296857,-0.5636462412112706,0.3314409198611653,0.3209856486371433,Hufflepuff
167,-1.034279461745606,0.774457629421631,0.6838936432713292,1,0.13771170554413795,0.29346297671069543,-0.0761527930080749,-0.1720075253146873,0.19986061115915213,-0.3640714305589357,0.4714670172133231,0.23166894274481056,-0.12982917099858174,-1.5226658529867554,0.09592697242818478,Hufflepuff
168,-0.74703699747283,0.23354029472367102,0.8529750998583716,1,0.13771170554413795,-0.08472078960785817,-0.2992053650559559,-0.2083527173979554,0.48198014053389804,0.029508513185568134,0.5822157926763496,-0.3358814676014773,-0.8530636984502272,-0.6369367147815672,0.7755729595175878,Hufflepuff
169,-1.0432253076728768,-0.30592572459891154,1.0375586839964919,0,0.7233065012311629,-0.31041966618329214,-0.1768825721434833,-0.24803019567579612,0.6964299294719052,-0.5713213175593637,0.4187002031195634,0.5380309254159964,-1.129097611705865,0.6297579158670501,0.9887470261258657,Hufflepuff
170,0.7249342313585495,0.3676660239981344,1.0317905043198399,0,0.4305091033876504,0.4840474836130981,-1.3388539186304567,-0.24679028680257922,0.45666484195324764,1.7472932025196442,-1.2906640718176512,-1.460911096932262,-0.5092437737280537,-2.0985983188114514,-2.543228383361623,Gryffindor
171,-0.19818505239702355,0.6409366148869082,0.39408834467783377,0,-0.7406804879863995,1.4723295711726159,0.21402712616662856,-0.1097119344394864,0.9705167198739443,-0.5532728365538835,0.21462244817915183,0.4614703173193303,-0.5740624080194661,0.22987151926406643,0.44301128468715617,Hufflepuff
172,-0.7546901792250462,1.5546605866349434,0.6109637290072962,1,1.308901296918188,0.29801183432422157,-0.22051090195426473,-0.15633075155104284,0.7516854369508245,-0.6274151761388956,0.445101135407358,-0.07716650800203104,-1.1175456495209828,-0.6249823885928951,1.1053247486324678,Hufflepuff
173,-1.0970312461533562,-0.02086319628519623,-1.189220388378563,0,-1.033477885829912,2.023680505233351,-0.7867740658042979,0.2306308872491017,-2.0193660923003427,-1.2276297177586406,-1.2893875209262722,0.3751408869120409,-0.5051486979569003,0.6948501792904603,0.4056156312684326,Slytherin
174,-0.5762739051516237,1.468428264747935,0.5203175210548612,1,1.308901296918188,0.117300567945449,-0.08524050844629627,-0.1368457417448073,0.3936200118341284,-0.6042392857568586,0.5953746059208991,0.32771999153453474,-0.3667149481966455,-0.6671836476669011,0.3418462482562688,Hufflepuff
175,0.887379660594974,0.7872775819041316,0.6381571482483985,0,0.13771170554413795,1.6461950552019775,-1.3804941681948444,-0.16217615923600617,-0.024812663744118037,1.4924609565047688,-1.5813415664354773,-1.4748258249223611,-0.11306461631852253,-1.8242988049448268,-2.365103533134816,Gryffindor
176,1.407948161060728,1.0515379231707704,0.9630515300444085,0,1.0161038990746754,-1.652578741503921,-1.0905513595082406,-0.23201438367235486,0.5489196319731169,2.0933933354372316,0.4714670172133231,-1.7254281573616823,-0.589845712053681,-1.5203237562554266,0.39304917210907403,Gryffindor
177,-0.44214662094282803,0.7036455333980076,0.6545709690780099,0,1.6016986947617005,-1.6190442107487166,-0.1322100442216327,-0.16570442000992178,-0.235854624027038,0.45375036500188204,1.3609146156350214,-0.1337831867745711,-0.2823337799493875,-1.0477897465118047,-0.08373204439343405,Hufflepuff
178,-0.6137940728379483,0.5102577596289661,0.759149165605998,0,1.0161038990746754,0.20593720903145082,-0.008312974462673876,-0.1881842041166715,0.7438961143106237,-0.6089565023832909,0.472513385629424,0.6157178083316159,-1.1411075535949693,0.7931630575475873,0.9101080988743503,Hufflepuff
179,-0.9896349480462042,-0.41289976205902235,-1.0649693952046226,1,0.13771170554413795,-1.7479515933932532,-0.7939591975663527,0.20392230367879796,-1.992346879392149,-1.411293521626907,-1.7368459928257494,0.7905720810332274,-0.565062656686771,2.1065514926851905,0.5868575418215507,Slytherin
180,1.1884285769872753,1.0890302370346872,-1.4372482019052946,0,-0.15508569229937452,-0.6789308155811506,0.9192678148097685,0.2839461277644408,-0.010937932791261715,-0.6196215138865292,-0.3165591573465674,0.44727798325087326,1.0708605073794546,0.7909984319484931,-0.002805850649853232,Ravenclaw
181,1.0302894515955279,-0.680969806186027,-1.2057962025449291,1,-1.3262752836734244,1.6250847529085648,1.5880311067760857,0.23419396957624616,0.3342264267026031,-0.006998641575516631,0.9621723831639754,0.2620778512558956,-0.37144686678255895,0.9602778215321781,0.829789384826008,Ravenclaw
182,1.2875139964613798,0.10600595611238008,1.2738147914262623,0,1.308901296918188,0.41287421723617856,-1.2372760135183751,-0.2988150290851285,0.31207554044453417,1.9847948048417574,-1.1047545611409837,-1.292455038341914,-0.6558686340484574,-0.14790327888832716,-1.8408638807338138,Gryffindor
183,-0.9837255506664373,-1.1488980717972974,-1.1707967228979022,0,-1.033477885829912,2.1081406767334117,-0.7093563514846983,0.22667059689977062,-2.1892706923897065,-1.14641155323398,-1.6139844323789927,0.6071908269726229,-0.5159743456180581,2.3022941028891797,0.7907650257817156,Slytherin
184,0.7319911568056006,0.729527324258905,0.8801871354472484,1,-0.447883090142887,1.8891695365267653,-1.535356955736519,-0.21420212679161832,0.11953322143208911,1.8746580514333167,-1.3084717950246403,-1.5757609260980387,-1.2426422645405484,-1.6756318621186044,-2.3168262574876133,Gryffindor
185,0.9366000982337443,-1.070708455948839,1.0291193395989848,0,1.0161038990746754,2.4334874146312755,-0.615636151153807,-0.24621610204675096,0.9427672579682319,1.3935019555372214,-1.1353445635677963,-1.1223365772806226,0.522274025541787,-0.8900836012779101,-1.5600172303726625,Gryffindor
186,-1.1773686776608072,0.3751644867709178,0.5590018130284554,0,-1.3262752836734244,-1.7187459339185511,-0.014199698311515145,-0.1451611895222619,0.5158150107522667,-0.6829962937807718,0.6477522904200871,0.28946906547062073,-0.1820231917310601,-1.3993624324378198,0.31398373353143,Hufflepuff
187,0.582404100616896,-0.385022412556981,-0.9977396043800589,1,-0.7406804879863995,0.3781762078793595,1.361940556599398,0.1894708096441532,0.3325225123750592,0.057093975631444006,1.1483503544857485,0.3970280355528778,0.7670239872203937,-0.12556835893788937,-0.000565000051584819,Ravenclaw
188,-0.6769139945718793,0.3491617529620723,0.6596099347282085,0,-1.619072681516937,0.1451152810447129,0.11123288984875682,-0.1667875794417971,0.8529466312734253,-0.3229496073589498,0.7136475118220068,0.2127316239305747,-0.5846887728451042,-0.6845963026693731,0.4330263134705251,Hufflepuff
189,-0.49528379088505137,-1.2589561544300854,-1.0724909281741488,1,0.13771170554413795,1.9585123035746115,-0.3079009362253917,0.20553910759127986,-1.482146246459046,-0.2867500971604584,-0.866804999732253,-0.10813066005402312,-0.5805717198421705,1.3782259565702089,0.8139266415876636,Slytherin
190,1.2848850160243082,0.5514993048792746,1.0344588655096123,1,1.6016986947617005,-0.5836893786216509,-1.151591350834752,-0.24736386892061535,0.26558302093584013,1.7316033298273803,-1.1370857399997052,-1.362368299767079,-0.24491253759866252,-0.603421491782166,-1.747335833003473,Gryffindor
191,-0.5905712046017862,-0.02086319628519623,1.1943243849056953,0,0.7233065012311629,1.7844057831510978,-0.058348987223562694,-0.2817280335500518,0.020462774102044733,0.49169319438840275,1.0836227311551716,0.4669113545296942,-0.151794910095746,0.34851621911630665,-0.21753957621227946,Hufflepuff
192,0.693789747967584,0.5942526369789345,1.4537578938211821,0,0.4305091033876504,1.4185429452281169,-1.4910788519919942,-0.3374950047170852,0.5564655382808106,1.957414438770944,-1.0395041198820867,-1.5478488462634101,-0.6453847436380963,-2.2824255134116687,-2.6187492636987746,Gryffindor
193,0.6766463595614544,-0.5709117235532392,-0.41679813832077434,0,1.6016986947617005,-2.3204397704942066,1.0230982695588189,0.06459354871169588,0.8227630060426498,-0.18133056037844955,0.3164775334082942,0.4467588878329114,0.8373702817223937,0.5537074429133061,0.10643460936553538,Ravenclaw
194,0.7399656233099623,0.8560941192866109,-1.5718408984528154,1,-1.3262752836734244,-0.1740766355865284,1.2628386321611536,0.3128777297731233,0.1039545761516891,-0.9895128263113404,0.13980801601870438,0.1415190289343363,2.0643564480589784,-0.3748137201019799,0.7407957593855422,Ravenclaw
195,-1.0914900182902767,0.339667731548145,0.8098256243262183,1,-0.7406804879863995,-1.6000582717203786,-0.015361311712364024,-0.19907744849405262,0.7614220902510744,-0.5817812326875397,0.7702291918028566,0.35698525414631255,-0.8038442399373782,-0.6212815948287234,0.7161964882456755,Hufflepuff
196,1.4936873920307996,1.6059403965649457,-0.8430027231171398,0,-0.15508569229937452,-0.8464587349907833,1.5643040986060994,0.1562090801476873,1.1457764792784455,-0.7588819525538132,0.6345731647542358,0.3733144576879224,1.9703518752950238,0.33889718246046047,0.816489232097452,Ravenclaw
197,-0.4864819635372051,1.1086229946022823,0.8862639150012217,0,0.4305091033876504,-0.14211432176787667,-0.38372613443019016,-0.21550837127634773,0.36051539061327814,-0.2532168398377766,0.4095139724628176,-0.009508518880300536,-0.6715032926142434,-0.16998133441436772,0.6210860211783322,Hufflepuff
198,-0.868095236462147,-0.17192093827239624,0.6126154833967206,1,0.7233065012311629,-1.9290446715897904,0.03022203967099486,-0.156685807225212,0.24732679599787125,-0.2635742067784214,0.7910801703016507,0.403012221498488,-0.162716212186037,-0.6977972081829507,0.39304917210907403,Hufflepuff
199,0.9572278017592041,0.32981088129037334,1.0856932439911786,0,-0.447883090142887,-0.7397904963545106,-1.3290662712706245,-0.25837704188923577,0.4902562958391103,2.238704117168853,-1.0401034913368283,-1.7635909677760258,-0.7616177086685317,-2.204515139952553,-2.6209375070778966,Gryffindor
200,1.0210371289594755,-1.893543802313863,1.1551471930514308,0,1.6016986947617005,1.1859394533032603,-0.738911945835768,-0.2733066336403977,0.7215018117200496,1.705761186569534,-1.2524707333628613,-0.9447507494808962,-0.13967506214359893,0.390763597713061,-1.5068878656779756,Gryffindor
201,-0.6790737868535938,0.486673884779083,0.8793990525982115,0,-1.033477885829912,0.13174364479366166,-0.2750611336232518,-0.21403272310239096,0.05843572197302,0.06581057157159066,0.869550577549178,-0.033268489215493614,-0.12176655596966594,-1.019377855215141,0.030325008435021512,Hufflepuff
202,0.5981570272040883,-0.5987890730552805,-0.9723496090777288,1,0.7233065012311629,-0.581515741840616,1.5366339886171483,0.18401306001930648,0.4457111069904661,-0.39093905569209364,0.9912399855909992,0.3677067609420595,1.6829626951802055,0.1362674839212234,0.738532041465086,Ravenclaw
203,-0.6036063768380614,-0.1964723567058643,0.6602622227311713,1,-0.447883090142887,1.1041442856065378,0.008431813805264556,-0.16692779311891953,0.24075455502020243,0.20148182367528494,0.9773676565827116,0.035177666304344136,-0.4730038395448543,-0.5514985575219146,0.21717930764855545,Hufflepuff
204,0.9991476962751681,0.17681805213600346,0.925816697492177,0,-0.15508569229937452,-1.2834762635782917,-1.0280032086828885,-0.22401050691013585,0.674765875878849,2.012893008225289,-0.8852232533841502,-1.692330601541662,-0.8050032600689788,-1.6112470513620032,-1.8576504903014126,Gryffindor
205,-0.35290070559929365,1.0294658351702388,-0.694739808564944,1,1.6016986947617005,0.5870069154273554,-0.8377300216608524,0.12433897317678683,-1.7847127477643163,-0.46313297971401407,-0.8853627315140826,0.07412278093152815,-0.33860029053216784,0.5035870385800483,-0.16810230259552583,Slytherin
206,1.1914481620078927,1.6504474014098534,-1.2951991313360918,0,-0.15508569229937452,0.15751156725781418,1.465584058848213,0.25341172819573576,0.46615807892099137,-0.8230771179483051,0.6496149972779297,0.5254077386643072,1.8175352984903743,0.020116536337231115,0.40340898109659035,Ravenclaw
207,-0.07175214549416596,-0.7384781779353573,1.244473285176161,0,0.7233065012311629,1.2669644210330542,-0.16628897711495802,-0.2925078757035669,0.8337167410054314,0.31336189627175537,0.21916272841921777,0.07838425010275873,-0.43691838929244564,0.7410366782082936,0.265053281028257,Hufflepuff
208,0.9510749019377976,1.027591219477043,0.7967595503309024,1,1.6016986947617005,-1.2746587061937567,-1.1423941997866414,-0.19626880833492621,0.5107032677696354,1.408063798166643,-1.316962858129452,-1.4057435591710332,0.05663311831837142,-2.1944598662296797,-2.3555487643194883,Gryffindor
209,1.4985705391742967,2.6039616030328196,-0.7870624722241794,0,0.7233065012311629,0.021403537819118214,1.2521356015227358,0.14418434837088134,0.36781788058846554,-0.7501653566136666,0.5091308652849801,0.22227862236520865,1.95412651111255,-0.4061305705564806,0.3453292010717916,Ravenclaw
210,1.0507693173035222,-0.39802377946140377,0.9669678261375385,1,-1.619072681516937,0.2506733181327342,-0.8203308996420934,-0.2328562177600952,0.762882588246112,1.8231788612926856,-0.9190497904126681,-1.4885944459146754,-0.3034332044127432,-1.08204139151996,-1.5763615188137146,Gryffindor
211,-1.2163903977297146,1.8171672551563347,0.4930423817708218,1,1.308901296918188,-0.37377254571248786,-0.17146550945376413,-0.13098276778902065,0.6922918518192991,-0.7449353990495786,0.8659269685325093,-0.19784553435256416,-1.2501823295142185,-1.5579100501260792,1.2654120934393778,Hufflepuff
212,-0.6615510730357742,0.27042789384784716,-1.1688564069575298,1,-0.7406804879863995,-0.600152449290242,-0.652243502617377,0.22625351298661678,-2.2435525345386007,-0.3102336321050888,-0.5914561122338717,-0.026042355902950773,-0.1485978252657921,-0.11176099801310212,-0.3270596228035783,Slytherin
213,0.8748790686958079,-0.4552297938408638,-1.13500151455606,0,-0.7406804879863995,0.7575650455117449,1.6621247144451752,0.2189761770082841,0.462020001268385,-0.549888746365356,0.8330843496005309,0.469894290522731,1.8355770550390749,0.7311713010542387,0.9896505629540089,Ravenclaw
214,-1.1895838310089406,-0.3471672698492199,-1.0675131175966515,1,-1.033477885829912,-0.7960233336484124,-0.8194200761805851,0.20446909385207288,-2.296617295024963,-0.8194879313847151,-0.9009687030723253,0.20047095820009805,-1.1682221275728488,1.529365628614125,1.0553192161112828,Slytherin
215,-0.8417904927143421,-0.9765543709712285,-1.1562451156496227,0,-0.15508569229937452,0.1332919239458036,-0.775882942711378,0.2235426314135806,-2.4911069446974587,-0.7963120410026783,-1.3741878439237318,0.376183563532694,-0.1858388767599476,1.7828689618422087,0.42395644355663675,Slytherin
216,-0.4802529269074958,-0.8092902739589807,1.2399449872343977,0,0.7233065012311629,-1.244262629410283,-0.13336595785113117,-0.29153448771752877,0.7268569710351866,-0.02986688739496019,0.43949547121785565,0.48833633354073125,-1.1512447728483246,1.5310694354887107,0.8506899855495108,Hufflepuff
217,-0.1333704628294964,-0.7328543308557698,1.2559180992103103,0,-1.3262752836734244,-0.10248606291611367,0.06202334393341603,-0.29496801517021687,0.9722206342014882,-0.12431376811113737,0.36968490282066085,0.8956003081426248,-1.0381295461833397,2.145549906988505,0.5914003631502235,Hufflepuff
218,1.3459205687429552,1.1659499519296905,1.0137894081300702,1,0.7233065012311629,0.28669090811181425,-1.1835317295180812,-0.24292083055389976,0.4437637763304161,2.103237961440221,-0.7872993638572552,-1.7275284039451284,-0.9181429424308016,-1.2362445603667425,-1.7999181869558778,Gryffindor
219,0.8294702762940601,-0.394214076601038,0.9973306245398735,0,-0.7406804879863995,0.211384497329918,-1.1200624956427931,-0.23938290473330756,0.4252641350599411,1.6704846100588229,-1.2494727528325678,-1.2887197469269676,-0.5602390293803361,-0.7895651534025576,-1.7766201307738299,Gryffindor
220,1.1028426754595222,-0.08133467025925548,0.3950737380151776,1,0.7233065012311629,-2.010331818950567,-0.7304569050172453,-0.10992375134032382,0.6290036053676735,1.6293627868588367,-1.1861358221874683,-1.5426619843860305,-0.27402568816165906,-1.4079205098373446,-1.6855825095354104,Gryffindor
221,1.1763115498679038,-0.060713897634101274,0.6659600477519448,0,-0.7406804879863995,0.5296610743481067,-0.9076673560625395,-0.16815257878741924,0.5355317336852731,1.9691049321494938,-1.03339430782796,-1.6459395796930094,-0.6476329609051606,-1.1581875648575735,-1.7287028478261393,Gryffindor
222,-0.9725892381427412,-0.06712387387535156,1.0440264595469875,1,-0.447883090142887,1.94531046238288,-0.10928784376607246,-0.2494204873699844,0.4408427803403412,-0.036224875021890694,1.084044691476281,0.1687833996805365,-0.5314971083515325,-0.787143997463834,0.3434331166328321,Hufflepuff
223,-1.287008636611165,-0.5383780705551953,1.0105002545730224,1,1.308901296918188,1.5352273361488018,-0.11994869609650675,-0.2422138049566798,0.30647696479689046,-0.9484935512988857,0.3966685522517094,1.132555111093577,-0.016895098245802855,0.15964755374083733,0.12424813248445105,Hufflepuff
224,0.6413031487867729,-0.6969342753151786,0.720337961614449,0,0.4305091033876504,0.5798827329136271,-1.2405784610377604,-0.1798414757505388,0.11782930710454542,1.4926660528798312,-1.6665391691732727,-1.1667880275832652,-0.5462580726719487,-0.781919369577428,-2.0404152384920144,Gryffindor
225,0.8623697607474559,-0.15305383839248976,-1.2171002371438409,0,-0.15508569229937452,-0.15164708538213614,1.3947404608020948,0.23662384755994945,0.17551897790852694,-0.04709498290019121,0.9257855068277072,0.5668740000953454,0.7857574257815363,0.48360753360245634,-0.019012522375372244,Ravenclaw
226,0.7936093711524211,-1.4786490193778425,-0.8201637272487451,0,1.6016986947617005,0.36632893372764513,1.538744043970402,0.1512996849450357,0.5158150107522667,0.11964837002543756,1.0073055895845853,0.47818839662621376,1.0342601385987498,0.9860925010382836,0.4743105355516269,Ravenclaw
227,1.207866684040032,-0.7618806383633182,-1.1432516791549474,1,1.308901296918188,1.1445335508230403,1.6009593281489967,0.2207496051719501,0.42696804938748517,-0.23803970808316835,0.5638050816297167,-0.07225737417147794,2.4118734259136896,0.5269626425614605,1.0637897215026901,Ravenclaw
228,-0.8165816199240159,-0.5751447267314233,0.6374259805060783,0,-0.15508569229937452,0.8738068066067326,-0.022277414266766618,-0.16201898983034738,0.44059936400783484,-0.12544179817397988,0.595373332194968,0.1603429334238517,-0.8494792439004373,0.029220669053331948,0.6808215905418634,Hufflepuff
229,-1.2949532549742708,-1.0284388956409714,1.3510118029863605,0,1.0161038990746754,-0.9238861139475695,-0.2707600861635911,-0.3154090440057515,0.0993296658340703,-0.026687893581494954,1.012915729249941,0.4349938990791412,-0.07259084422503494,-0.6487226000275322,-0.025447494443836472,Hufflepuff
230,0.6960640756399292,-0.22918742412583035,0.8733306877844054,1,-1.033477885829912,0.6571278813262561,-1.0235254683114232,-0.21272828742244643,0.5362619826827917,1.330845012955697,-1.3624988179273987,-1.2220601182243462,-0.011116029944885383,-1.4119069914082518,-1.900814516973324,Gryffindor
231,-1.2781609556758342,0.15946273910544845,0.5798850835929128,1,-0.7406804879863995,-0.10682507927474122,0.0735186427892857,-0.14965018846580555,0.4306192943750787,-0.861225043709888,0.4714670172133231,0.704193996586794,-0.22531009476864589,-0.8780781614798998,0.298407207426495,Hufflepuff
232,-1.0965836984782467,-1.7604460880969586,-1.369576551682437,0,-1.619072681516937,0.9085599419115776,-0.20384819039374638,0.2693996530912981,-1.4066871833821077,-1.325255592288283,-1.4881134117151271,0.9454178032393797,-0.8009898382635869,2.1410175818176245,0.6853814340206039,Slytherin
233,0.6736639293087178,-0.0909496346211309,-1.1421037372802167,0,0.13771170554413795,1.729673431402375,1.3052688700344597,0.22050284737378772,0.3169438670946591,-0.6121354961967562,0.447136990751202,0.49829642820690445,1.3567210504944105,0.46214406902243654,0.5433380751229497,Ravenclaw
234,-0.7395204674036819,-1.3177344271328708,1.1565756198621844,0,-0.7406804879863995,-0.5105060369306915,0.1314511187765378,-0.27361368355504656,0.8575715415910438,0.5713731361000962,1.2236380842027759,-0.09221506077136518,-0.6043189722995097,-0.7010230328187489,0.23813378600583143,Hufflepuff
235,-1.1796016307035964,-1.6038249705041452,1.4004772447082094,1,-0.447883090142887,0.8207625470350887,-0.11363562935079036,-0.32604197216448655,0.3422591656753093,0.08262847432669711,0.974537547460073,0.5310343664013595,0.08924043619486703,-0.5294632109301084,-0.23536422206139015,Hufflepuff
236,-0.5993033307766705,-0.5678276783805621,0.9307568351983823,0,-0.447883090142887,0.5613372525696289,0.18186559635497443,-0.22507242261321816,0.7239359750451118,-0.06411798203035995,0.9301070050912379,0.5728524746381518,-0.7389139773977453,0.4156292707285236,0.39265153720104257,Hufflepuff
237,-1.1990334829421014,0.08810639981605853,-1.1993538919668933,1,1.0161038990746754,-0.20404310980575976,-0.6939863480660431,0.23280915174852496,-1.8640664721613545,-1.1776887504309768,-1.141170159303431,0.27655466486637864,-0.8418023348427164,0.8234787750233362,0.7974530303518429,Slytherin
238,0.9620131076987001,-0.3679694568962963,1.2160088153791777,0,-1.3262752836734244,-1.362820549197159,-1.2592737110611927,-0.2863892471844947,0.5404000603353982,2.298182065936912,-1.0274624087920872,-1.5677083603583843,-1.0011841247473106,-1.3374107474384205,-2.3768345596952307,Gryffindor
239,0.4521166497773853,0.396813274453631,0.5342031305931527,1,-0.15508569229937452,-0.7673348228212246,-1.658873280769393,-0.1279887277931851,-0.16258630794265636,1.5770632112179568,-1.870958239088008,-1.4301097873292623,-0.9599135764462837,-0.07015817298464547,-2.832595348451302,Gryffindor
240,-0.7862964753480647,0.8257979108256073,0.9891197300105811,1,-0.15508569229937452,-1.7858194484980214,-0.3403075562050393,-0.2376179179342438,0.881913174841669,-0.6980708773478489,0.08632363988272378,0.1742504767442031,-0.9171211983494353,0.0017022041856704496,0.9807094913612084,Hufflepuff
241,1.593700913397999,-0.7054607531455209,0.9635734592728384,0,1.0161038990746754,-0.10331467064007133,-0.4497135272872953,-0.23212657585737664,0.9639444788962757,1.9278805607619767,-0.7254685163854432,-1.346715519436597,-0.125120677712253,0.12045299789848292,-1.0705181926684684,Gryffindor
242,-1.279667129240521,1.4075334904560572,0.18306470737934333,1,-1.033477885829912,0.8150014678010685,-0.11486108019074123,-0.06435098956393055,0.3118321241120278,-0.8569180198335802,0.6648752898891674,-0.03829226696837877,-0.5192746578362883,-1.942545814243131,0.6955375849374124,Hufflepuff
243,-0.4633102009749876,-1.2084020021877717,0.9627942540593292,0,-1.619072681516937,0.8881558899446416,0.0978623662191896,-0.23195908047539368,0.7034890031145872,0.6306459884930934,0.9878526992950637,-0.14996823624684794,-0.7329375539139541,-0.17290614342190436,0.33470876853000203,Hufflepuff
244,0.8673340794022215,-0.1896390801467956,0.46902038925839074,1,-0.447883090142887,-0.22389144364327263,-0.5960505968457214,-0.12581907953064753,1.0082462514124133,1.5107145338853112,-1.014078153470122,-1.5220722454435094,-0.4120191927748919,-1.7952338449495024,-1.5447953686949942,Gryffindor
245,1.0500572031706632,0.1823814277416169,1.23173523591042,1,-0.447883090142887,0.11066906551349873,-1.2262344164618528,-0.28976974665810795,0.4586121726132976,1.8716841539949136,-1.1387184530622465,-1.4336713150150795,-0.14405976344325325,-1.4131098201000198,-2.2591112419311212,Gryffindor
246,0.6750323041615033,-1.6421638850036988,-1.141678017008703,0,1.308901296918188,0.14163404675769864,1.4681181771898049,0.22041133594873716,0.09446133918394525,0.0026408880524102624,0.7945471343672238,0.6935923121058363,0.7914906261182919,1.3587893890912466,0.3330246586873806,Ravenclaw
247,0.599808697460408,-0.07123593410558758,-0.8434122398845189,1,0.4305091033876504,0.055955294236993226,1.0839535882936349,0.1562971085209469,0.3610022232782906,-0.24111615370910247,0.5677279232634416,0.28434641269684785,1.0438586860004242,-0.0004151225653975483,0.19716999948168068,Ravenclaw
248,-1.5867819208291964,0.6226742297467422,1.035547953647434,1,1.0161038990746754,-0.09696599389160318,-0.4106358949212386,-0.24759797571365894,0.16164424695567062,-0.8838881931542693,0.4714670172133231,0.2034535665823935,-0.7312249756534988,-0.6147089219772864,0.8415227555032077,Hufflepuff
249,-0.9326216580847709,-1.2662732027809465,1.4020118822718537,1,-0.7406804879863995,0.05717256040534683,-0.3945215013644554,-0.32637185279217157,0.4230733880673847,0.2798286389490736,0.5348119035756576,-0.1127220173882814,-0.32152088315128186,-0.34923503715866333,0.3171481412732268,Hufflepuff
250,-0.6720655347306211,2.0111597436651167,0.48016723294608094,0,-0.447883090142887,-0.21395613595843144,-1.1428821002140817,0.13439129123902246,-2.151054328186225,-1.0300193603861394,-1.164155884081757,0.5106067793714159,-0.3715613691636626,0.32589424293737895,-0.5439120727818743,Slytherin
251,-0.9641577330649035,-0.4395072106076084,-1.077893015677335,0,-1.619072681516937,-2.7212731598088395,-0.8658811923516264,0.20670032249868067,-2.2070400846626628,-1.0696029607731583,-1.522345331162811,0.17507622155459415,-0.33023275287434994,1.5465553889055468,0.9151174247779467,Slytherin
252,-0.6335260017855193,0.7262618646643058,0.48016723294608094,0,-1.619072681516937,0.7940138968912116,0.12941858031362383,-0.11208679750470843,0.3943502608316472,-0.19722552944577582,0.990509963468302,0.13952799861859944,-0.3192379138514609,-1.1589127440154638,0.15712763821625833,Hufflepuff
253,-0.11974606698356378,-0.38641325645838437,0.6685890303296098,0,0.7233065012311629,0.2732052013769713,-0.01172029777487104,-0.16871769620891247,-0.4339955186871268,0.6731009381309841,1.2672336056004323,0.30613987196141507,-0.7351582112033999,0.9752308595180226,0.13580009485899716,Hufflepuff
254,0.9735794874496863,-0.2882075827245122,-1.2439581504909132,0,-0.7406804879863995,0.8266323553033321,1.6054382084747354,-0.1279887277931851,0.23710331003260873,-0.09898436579094654,1.0983594556439442,0.2268967041093725,1.5969726037894978,0.2383911657915196,0.5873332654432183,Ravenclaw
255,0.5108285079940231,0.06452252496617543,-0.9965371891479062,0,-1.619072681516937,1.0699622269685753,1.221869815661628,0.18921234243279497,0.4118762367720973,-0.4553393174616477,0.6351126001421775,0.21530743420480383,1.420069981503205,-0.4299242756254128,0.39343623737051203,Ravenclaw
256,-0.9655554871234628,0.6379130411882052,0.7908111757390011,1,1.308901296918188,-0.01711953092784377,0.15558737052935456,-0.1949901653572169,0.6557794019433613,-0.6705879630895042,1.066957911474497,0.7931790113224078,-0.5565626664532576,-0.45736950865234843,0.3503363465033839,Hufflepuff
257,0.7578382489022825,-1.4273087379738663,-1.3808623531902255,1,0.13771170554413795,-0.2504271844722707,1.7327699604483637,0.27182561174988734,0.07620511424597635,-0.4188321627005629,0.8030038315713088,0.45091807639628184,1.9883871620380698,0.9835112837304812,1.0300020548203983,Ravenclaw
258,-0.7204556557412555,-1.1231372238843482,0.9064259764441978,0,-1.619072681516937,-0.9973075097269697,0.0694056877841337,-0.21984234148651308,0.5606036159334169,0.19717479979897717,0.7544020346530784,0.13722323597027664,0.17226532281754464,-0.9652038674164551,-0.2751628343729787,Hufflepuff
259,1.4070577855322512,1.3401077969749813,-1.164047059585516,1,0.13771170554413795,0.4671490985113993,1.7042403249400386,0.22521971154227557,0.5632811955909858,-0.3962715614437127,1.2432811619706015,0.5494626350469666,1.5939649011278032,0.3856862476293336,0.4768939209241624,Ravenclaw
260,-1.2669931366458032,-0.4926616362308065,-1.38664664023153,1,1.6016986947617005,-0.44398511309220595,-0.4819331947667042,0.2730689830090694,-1.818060785317673,-1.1262095602903461,-1.0367568632421102,0.2034535665823935,-0.8033758979014893,0.7517768995030928,0.6842050596409186,Slytherin
261,1.0399356917067901,1.0587340285736835,-0.9594527557679731,0,-0.7406804879863995,-0.46452020763167906,1.3251758914466083,0.18124079498046408,0.6725751288862927,-0.3711472554985842,0.715654841381614,-0.22515251573563858,2.3288138317220173,-1.264646090907817,0.34711565981617937,Ravenclaw
262,0.4256945254096849,-0.5908673099646787,-0.8108188188861856,1,-0.7406804879863995,-1.0860008070868683,1.0921441597215826,0.149290934273652,0.5253082477200104,-0.17692098831461067,0.5062582758706687,0.17856679175600587,0.908530623604689,-0.18149271285121338,0.23714081875925144,Ravenclaw
263,-0.8217010470052203,0.8617784378401725,0.6363490619334538,0,0.13771170554413795,-0.777086736457754,0.001396016052545324,-0.16178749896688932,0.7112783257547866,-0.9438788828599844,0.3584737822504455,0.6790330915137376,-0.3325373245429757,-0.3685405809193116,0.38609928229275436,Hufflepuff
264,-1.0018152728020562,-0.25851608900324907,1.2299727270170875,0,-1.033477885829912,0.1032738439230985,-0.38355628124400276,-0.28939088356117415,-0.2441307793322506,0.08898646195362761,1.144347131657997,0.39045732647766557,-0.8139191576056869,0.3550790994100177,0.5033872964905257,Hufflepuff
265,0.8619885326556826,-0.5420063589936388,-1.033822206438558,1,1.0161038990746754,-1.9627569833442846,1.2337880375515689,0.19722700674081792,0.0866720165437452,-0.3211037399833893,0.4091416534746916,0.2583394379004506,1.72252402296839,0.703453933542081,0.6204766451515883,Ravenclaw
266,-0.09721358701128567,-2.0830009302745904,-0.94939990498938,1,0.13771170554413795,-0.8112782653067556,1.7420822468777202,0.17907986734293627,0.4909865448366289,0.5167149521460002,1.031982052022022,0.5020867254301966,0.9432950838693914,1.9032512719180925,0.45541198987821474,Ravenclaw
267,0.628724229444921,0.07861237840213123,0.48016723294608094,1,0.4305091033876504,-1.473561565806239,-1.5722458759047089,-0.26989631098123973,0.08156027356111395,1.814462265352539,-1.3724910705824513,-1.3281037394794202,-1.2381218195554495,-0.9090206541686068,-2.1306367433637665,Gryffindor
268,1.0107265515453108,0.5562765513232252,-0.7901492392051553,0,1.0161038990746754,-0.153623227075521,1.3578321614113198,0.14484786961741206,0.5920043228267232,-0.23127152770611328,0.9550812333627365,0.4002530353065378,-0.37144686678255895,0.17407748195284253,0.2901347529326039,Ravenclaw
269,0.36786106210194097,0.7944132158330706,-1.1515321167169716,1,0.7233065012311629,0.6031236874937057,1.0739881080677247,0.22252954071189723,0.20984068079190832,-0.5032293210386887,0.6835216150083218,0.23944671809977772,1.1460221135050348,-1.043993567520102,-0.010088345032128125,Ravenclaw
270,-0.8541491587807856,2.060685880849871,0.3980939480193748,1,1.308901296918188,1.750231654656949,-0.24437014481953873,-0.1105729657187074,0.18476879854376457,-0.7028906421618124,0.7932522480085291,0.11998487082062208,-1.3678698428880811,-0.3382054494254326,1.232056376586866,Hufflepuff
271,-1.1471537651550987,0.2339031235675154,-1.26090612008465,1,-1.033477885829912,0.49482640997115723,-0.6757584792931927,0.24604021563483208,-2.0166885126427743,-0.8530211887073971,-0.8130290690187442,-0.026078568675270426,-0.7026097034731733,0.15001665198446515,0.6159975327424724,Slytherin
272,0.8162017995407372,-0.6138464700748212,-0.8340814581853588,0,-0.7406804879863995,0.7813934932557945,1.5131212918498729,0.15429139447052156,0.5201965047373791,-0.7530367058645384,0.5600671193784528,0.8520467824550633,1.7284959996282891,1.439848678983058,0.9051621577069527,Ravenclaw
273,1.0189713953737207,-0.4671426742137535,0.7255856804318648,1,-0.7406804879863995,0.6705953925158059,-1.0111387252166268,-0.18096950807453158,0.5593865342708857,2.145077621952925,-1.1011913320385098,-1.6371743975107382,-1.0461139339802115,-1.2399995641939923,-2.014609839666768,Gryffindor
274,1.4078845954905632,0.45891747822498985,-1.1325569430572242,0,-0.447883090142887,-0.8795502990211942,1.5307985627104446,0.21845069998389657,0.45934242161081623,-0.2471664967734395,0.7241849250689969,0.09325229055552044,2.1212865831753938,0.2655411688433085,0.6032504934826707,Ravenclaw
275,-0.6225816863329782,0.01046102723336646,0.923140468857934,1,-1.619072681516937,-0.06651792757854816,0.07038604845609439,-0.22343523363219214,0.9164782940575572,-0.29239024747467096,0.5734100653644618,0.3491743151799765,0.05075496676273898,-0.8897171292666555,-0.09879369672986824,Hufflepuff
276,-0.09721358701128567,0.2862109485550766,-1.2222455773825933,0,-0.7406804879863995,-1.1692583500010287,1.6017607160006126,0.23772987292243478,0.4783288955463039,-0.12923608111263196,1.015047874164308,0.2050791735974197,1.7071267065012516,-0.07015817298464547,0.25848248951940855,Ravenclaw
277,1.170727569769728,0.580646555334771,1.2681484869849196,0,-0.7406804879863995,-0.6259950841852701,-1.453395383697812,-0.29759701897639235,0.28286558054378397,2.1291826528855986,-1.1503914822955286,-1.4415711352268066,-0.955290391617037,-0.9692971882996732,-2.386978485143299,Gryffindor
278,0.793854398705997,0.4005625058400227,1.1360920472877087,0,1.0161038990746754,-1.3335435756814829,-1.3653065574593442,-0.26921060237276656,0.3098847934519778,1.6827903925625591,-1.2080957753146089,-1.3248738192873786,-0.84101207855572,-1.042363803251827,-1.9472610587919539,Gryffindor
279,-0.809225007718035,-0.02086319628519623,1.1277429064751567,0,0.4305091033876504,-1.7387465308752477,-0.2876462287609778,-0.2674158986087484,0.983661201829282,-0.7670858075563043,0.087477074140873,0.429844374456951,-0.9876938208019771,0.48653533252216175,1.0115064989123044,Hufflepuff
280,-0.31453102689892404,-0.02086319628519623,0.8512816231167653,1,-1.619072681516937,-1.1857378405907362,-0.1658592143552759,-0.20798869322460944,0.5759388448813108,0.155130042911211,0.3027564170840088,-0.033994443511914,-0.9369090439882912,0.6723364735920555,0.716205025202621,Hufflepuff
281,-1.52398920253868,-0.6058642355102454,1.138417616165184,0,-1.033477885829912,0.8283544293096466,-0.5065619067640382,-0.26971049898627375,-0.2616567552727007,-0.04227521808622778,0.9877576743354782,0.017692465488936094,-0.6149580936719913,-0.7520162374857254,0.6060900458006676,Hufflepuff
282,-1.015576227600878,-0.9484956070472651,1.0061025239703811,1,-0.7406804879863995,0.642639062035666,-0.2811724284632282,-0.24126848329509842,-0.2485122733173632,-0.3069520901040924,0.5420229127045673,0.787365069917892,-0.22710134301341944,0.6971333641255625,0.17702794091842156,Hufflepuff
283,0.7970360954817882,-0.053578263705162284,0.48016723294608094,0,-0.447883090142887,-0.26020810506824493,1.2660567230645752,0.18280585405937141,0.5679061059086046,-0.005152774199956167,0.7378651692514526,-0.20415010522075103,1.4962656857615746,-0.7935853742804061,0.29172567571362595,Ravenclaw
284,-0.09721358701128567,0.1540203064477831,0.8808310983892051,0,-0.7406804879863995,-0.6185440202981555,-0.043463464369537394,-0.21434055094109253,0.3921595138390908,-0.053965711464777404,1.2432233330566276,0.10411340550134554,-0.6032001816258398,-1.0835287560727458,0.40098933823920546,Hufflepuff
285,1.0540070228486793,-0.6600466761910024,-1.037548424532898,0,1.0161038990746754,-0.5953741787183258,1.1971396477342888,0.19802798228903382,0.2731289272435339,-0.4744132803424392,-0.06235057601273313,0.5237984702671705,1.3815366101472297,1.6283419309496856,0.6374951238313022,Ravenclaw
286,0.27758987419228515,-0.6671218386459674,-0.8563668511192991,0,0.7233065012311629,1.1223266300027468,1.4292092580556655,0.15908178901280062,0.36781788058846554,-0.29341572934998233,1.0619037349484324,0.3945553760144795,1.2196770988971033,-0.5188378613961357,0.29035238351595954,Ravenclaw
287,-0.5881642488206121,-1.4941297167152017,-1.1872778463555482,0,0.4305091033876504,0.43254513966153413,-0.29399235418051683,0.2302133248245672,-1.681504222781666,-0.6181858392610933,-1.1531721671712958,0.5443078929550521,-0.38679702514591824,-0.07015817298464547,0.19989138212573107,Slytherin
288,1.4714193373825508,0.05369813112481882,0.48016723294608094,0,1.308901296918188,-1.9589031350085095,-0.9604540784762712,-0.24642791464574934,0.5172755087473042,2.076267788119532,-0.8987979034556918,-1.3906715309627995,-0.9635714031166701,0.13051540259765418,-1.4288320992405001,Gryffindor
289,0.588655672238476,-1.437286531179586,-0.8988913940415376,1,0.4305091033876504,-0.743237673322244,1.434313973275479,0.16822272446462108,0.14703926700529552,-0.4390341556441969,0.6983449493688645,1.001633490695,1.001966806158406,1.9795293436953236,0.7599283241160695,Ravenclaw
290,0.8265242822120098,-0.7307983007406518,1.3011568064939527,0,1.6016986947617005,0.8125308526877654,-1.113413142387509,-0.30469237843873576,0.6465295813081237,2.011970074537509,-1.0428118841879652,-1.5148843393942522,-0.14107505525017036,-1.6263763028748328,-2.2216444113837435,Gryffindor
291,1.0769306699687153,0.5240452556950517,1.3331072586132782,1,-0.7406804879863995,1.032045189288385,-1.0942619106561893,-0.3115603422170484,0.6423915036555176,1.767392647275747,-0.8109621454597299,-1.4518163173682,-0.3421301202226641,-1.0694201877478284,-1.5876815215756341,Gryffindor
292,1.181500983762147,-0.28675626734913473,-0.9801769268772825,1,-1.619072681516937,-0.5179789530343935,1.3646479479899842,0.18569559443002173,0.6321680176902548,-0.1238010271734817,0.424457910889847,0.02779594556172434,1.57985751050726,0.45925904065194423,0.5957054209942152,Ravenclaw
293,-0.4750429987501829,-0.02086319628519623,1.154772910028116,0,1.0161038990746754,1.0387409578316806,-0.44967476884212215,-0.273226178996521,0.0684157916057764,0.41191070448917805,0.5584513793620409,-0.13014350700770314,-0.948335479665649,0.7537326424318991,0.39304917210907403,Hufflepuff
294,-1.3493963678250038,0.26008727179828306,1.2541232354370286,0,0.4305091033876504,0.07482807270483635,-0.2626869300254232,-0.2945821971750327,0.6857196108416302,-0.6150068454476281,0.7306857631698984,0.3388309302904799,-0.13378297378662743,-1.3568856981348445,0.28006839223081725,Hufflepuff
295,0.6716651406206579,-1.259560869169826,0.57810363817594,0,-0.7406804879863995,0.38436439352494,-1.0406453015341024,-0.14926725483622444,0.3142662874370905,1.7630856233994394,-1.4636580422308354,0.2034535665823935,-1.0733603766631596,-0.5336128055455793,-1.704153158322246,Gryffindor
296,-0.6244706811464115,-0.37105350206897336,-0.9530476448807882,0,0.13771170554413795,-0.41100238393576366,-0.5648112900382731,0.1798639734755611,-1.6703070714863784,-0.5997271655054885,-0.9787679775295872,0.21581917426072617,-0.806473500476588,1.4744952349486877,0.5902219077129328,Slytherin
297,-0.8868181111524011,0.6065283461956684,1.1785860289863372,1,0.7233065012311629,-1.3406860679970234,-0.5247453173203683,-0.2783449684847858,0.4091986571145285,-0.0625797592173929,0.6259292734020002,-0.27762469690559055,-0.992077703168085,-0.4958452182752387,0.9132277360312843,Hufflepuff
298,-0.933491397184248,-0.30749798292223707,1.0901193541297656,1,1.308901296918188,-0.10061512517190979,-0.23885162619981776,-0.25932846392223574,0.4666449115860038,-0.04494147096203732,0.7372559202924566,0.05544009573769632,-0.647564803929852,-0.40160698876032186,0.5557784400559346,Hufflepuff
299,-1.3100177565979874,-0.087986532396402,0.9394713657727722,0,0.7233065012311629,1.7377479686599695,-0.08453145689052795,-0.2269456693549664,0.3210819447472654,-0.5538881256790703,0.9577604072154795,0.6250756512112772,-0.4680942589137397,-0.5726091062648322,0.38553044893450145,Hufflepuff
300,-0.4093250783871385,0.5839120149293703,0.8743516732443827,1,1.308901296918188,-0.3734694515459551,-0.17247664889100736,-0.21294775508854144,0.36416663560087187,-0.23762951533304377,0.5984972248267134,0.43838045441685786,-1.0384767745705037,0.9058513261002592,0.7405719330121797,Hufflepuff
301,-1.4559997182183362,0.460126907704471,1.0374732938215894,0,1.308901296918188,-0.58164502391572,-0.3624648473456133,-0.24801184048551392,0.2380769753626336,-0.6580770842107055,0.8203246095531874,0.34048387852338935,-0.7621106925593498,-0.6686030414248954,0.8283820635305401,Hufflepuff
302,-0.467500705583195,-0.8501689903654448,1.5162848180405912,0,1.308901296918188,-0.6542834963865791,-0.11218332761116417,-0.35093558606173714,1.027476141680407,-0.006485900637860938,0.50977260326491,0.5529634701415359,-1.0986876295473664,-0.07015817298464547,0.7593326249136879,Hufflepuff
303,-0.8736421412422183,0.5169096217661127,0.29451896536177047,1,0.13771170554413795,-0.8424963789711386,0.36751968867610024,-0.08830882915578478,0.6304641033627111,-0.6032138038815472,1.1089895522905184,0.6669346527528334,-1.0468681588096844,-0.20403698590285071,0.6981020788554143,Hufflepuff
304,0.6159922821251954,-0.07722261002901945,-1.402629607349046,0,-1.619072681516937,-0.013834563408875337,1.4298898107546913,0.276504628890483,0.14606560167527052,-0.6357215793289177,0.601102211677601,0.1774564837371908,1.8900410790049267,-0.07015817298464547,0.7834859615613796,Ravenclaw
305,-0.8665965121280604,-0.683025836301145,-0.8885604436593741,0,1.0161038990746754,0.26774380974744355,-0.9301198953589777,0.1660020174538014,-2.283959645734638,-0.9170112577268265,-1.4761835995658497,0.31221363305757743,-0.6915855823231185,2.3838809881458953,1.0543194777383342,Slytherin
306,-0.15022443143528794,0.4604897365483154,0.8342226063109327,0,-1.033477885829912,1.5971554922456441,-0.39325045235371414,-0.20432174325224212,0.5990633964694045,0.020074079932703548,-0.008815720120852423,-0.28688139771953813,-1.244797742295501,0.8608829539391929,1.1240796438857592,Hufflepuff
307,0.5552456679990233,-2.220029290299809,-0.7606914273760055,1,-0.7406804879863995,-1.1203522451483354,1.5867019200975898,0.13851571557228728,0.37122570924355314,-0.03314842939595658,0.9780537428582937,0.2578807991595943,1.8699637597143812,0.7927635789516229,0.9813334810088414,Ravenclaw
308,-0.6827559361252694,1.9627825644858692,0.7214318366744595,0,1.6016986947617005,1.4025791851878602,-0.33507630606128536,-0.18007661152458337,0.46786199324853506,-0.44098257120728845,0.6984597307521808,-0.15170039065905203,-1.0105747025097016,-0.8108057493770694,0.9364413882397087,Hufflepuff
309,-0.09721358701128567,0.9670592740290097,-0.9619824378259524,1,-0.447883090142887,0.117300567945449,-0.7152259760194948,0.18178456708985286,-1.9307625472680674,-0.3934002121928409,-0.8289421719487119,0.1345338122678405,-0.1213088358299958,0.17676893918520253,-0.5807939599390998,Slytherin
310,-1.0917255229534364,-0.3167501184402681,0.7095927863097534,0,-1.033477885829912,-2.3991374017049627,0.22237729119233926,-0.17753172831696082,0.55135379529818,-0.38017149600132427,1.1533174656063638,0.6235584147269664,-0.6335195639833193,-0.46676384533789406,0.3959945993539783,Hufflepuff
311,-0.7426657973994343,-0.6131812838611066,0.8782709792472069,1,-1.033477885829912,0.7630788214466877,-0.06333172733651618,-0.2137902361765395,0.6599174795959675,0.06796408350974452,0.6501822438480737,-0.013974924229955329,-0.7976748747981262,-0.21090980342317822,0.6073141586283919,Hufflepuff
312,-1.423271317681977,0.17476202202088545,0.7173014906365228,0,1.308901296918188,0.7835988419019134,-0.1473064586155554,-0.17918876596688973,0.26241860861325866,-0.3082852165419972,1.0625103540330976,-0.03940376241595322,-0.3130794206861884,-1.9685619061153001,0.3275062517707917,Hufflepuff
313,1.2650634233855684,0.09366977542167199,0.22777926477931942,1,0.4305091033876504,0.11324453560303538,-0.8803985099765314,-0.07396268330270446,0.22907057105990233,1.661665465931145,-1.365830765396442,-1.4493595100398984,-0.8220962585324051,-0.38818969280107135,-1.4478335804233806,Gryffindor
314,0.6714514594380282,-1.243294042670804,-1.0641453233428717,1,1.308901296918188,0.4443563307184885,1.6068642912661562,0.20374516391013073,0.4318363760376099,-0.10523980523034589,0.9920151615708449,0.056205938276319325,1.735795359646018,0.13611109727606405,0.9150915027034625,Ravenclaw
315,-0.8400357331347122,0.786672867164391,0.7362407854320727,0,0.13771170554413795,-0.587927766338375,-0.15700746945088725,-0.18325989429261208,0.460072670608335,-0.07673140909668981,0.9919534892506132,-0.2159694166269062,-0.8884010711671569,-1.053347912707842,0.39304917210907403,Hufflepuff
316,0.7170119841178436,0.19508043727616933,-1.582526266355702,0,1.0161038990746754,0.117300567945449,1.343273805432705,0.31517462120492196,0.03019942740229491,-0.6868931249069551,0.34202376587994904,0.09601138652385657,1.8667391604247052,-0.1953803785128738,0.7314021893294433,Ravenclaw
317,-1.3126208319243153,0.20675143175316277,-1.2558289277630479,1,-1.3262752836734244,-0.1073573235089153,-0.6854674698084119,0.24494883912378734,-1.9621632541613738,-1.0869336044659206,-0.9230622997063155,0.14155775544727872,-0.7433901492841144,0.21891024946694945,0.6654019126027966,Slytherin
318,-1.1730474998640577,-0.07020791904802857,0.8706705365923376,0,-0.15508569229937452,-0.37482971637959633,-0.07745690069263561,-0.21215647009843105,0.28992465418646524,-0.07406515622088025,1.2348944712624823,0.12225113619758488,-0.37144686678255895,-0.07015817298464547,0.4528061518709988,Hufflepuff
319,-0.7471393306035227,-1.1558522913043143,-1.0729868344646016,0,-1.033477885829912,0.117300567945449,-0.5460487827129253,0.20564570597140755,-2.097746151367356,-0.28572461528514703,-0.7633294521169179,-0.04731458789518813,-0.6202019700549618,1.3935428569812216,0.7378621360578214,Slytherin
320,-0.869070135263503,-0.18595032023437796,0.48016723294608094,0,1.0161038990746754,1.234022680877434,-0.6699139337523348,0.19671717703125627,-1.841185336905767,-1.0406843718893777,-1.2714540392585036,0.6110260287099599,-0.6601224406549289,1.4681719350684206,0.29653447133410604,Slytherin
321,0.8167709673482899,-0.34589736889576467,-1.4564277235499392,0,0.4305091033876504,0.6079274191833128,1.2275593274218095,0.28806889446110073,0.09592183717898282,-0.2407059609589779,0.21058977088901468,0.14094529429541403,1.480871366629823,-0.1796624576018992,-0.02526394544840529,Ravenclaw
322,0.7444819982536611,0.38949622610276985,-1.0138564507194678,0,1.0161038990746754,1.5917740689658113,1.207614687518761,0.19293523376141752,0.42623780038996617,-0.4933846950356995,0.488009036308231,0.28436790484263114,1.540759835472229,-0.24613311805889218,0.2520147710467613,Ravenclaw
323,-0.9015922542614683,1.0727029390616911,-0.9110649238030264,1,-0.7406804879863995,0.48864137273022257,-0.9176761545506966,0.17083950625987915,-1.9200522286377928,-1.1889690510594018,-1.2453133039408295,0.5364333714063994,-0.5909957288031127,0.7379488535575701,0.03897214269379224,Slytherin
324,0.7706789218829132,-0.7055816960934691,-1.288638085475915,1,-0.7406804879863995,0.9117786096452172,1.5168614818088273,0.2520013874234911,0.40846840811700974,-0.5465046561768285,0.4531404529635196,0.35417898797903713,1.534251794792301,0.7225042347545049,0.9291586341966845,Ravenclaw
325,0.610559927549488,-0.08502343017167309,-1.4642725357354798,0,-1.3262752836734244,0.24507771756470464,1.1999131564725205,0.28975518940731115,-0.2275784687218255,0.018433308932205354,0.8349979864035284,0.28726840580382257,0.742562161295975,-0.2157415731878082,0.39304917210907403,Ravenclaw
326,-0.02939245379403482,0.15668105130264173,-0.5994130952749187,0,0.13771170554413795,-0.6325697575652038,-0.9258519065731396,0.10384785738486084,-2.1680934714616624,0.13636372459301294,-0.8755365480736497,-0.522422013912007,-0.006499597852748884,1.0557883785604985,0.32013912247951004,Slytherin
327,-0.5082490644461273,0.2920766815305604,0.9749081571538385,0,1.308901296918188,-1.50142368485115,-0.34860186347152883,-0.23456304511903503,0.64677299764063,0.1053941719586095,0.4346534594770659,0.2034535665823935,-1.2629887790645637,0.1404353423064247,1.0881928829768566,Hufflepuff
328,-0.6669274326429039,0.046804383091776064,-1.1976632763445318,0,-1.033477885829912,-1.4056086684991909,-0.23677918933746384,0.2324457425919326,-1.4719227604937835,-0.21958103432756368,-0.1883880990431948,0.06516613592097184,-0.744506250618427,-0.2809789945935512,-0.22549594048485072,Slytherin
329,0.6620628043539952,-1.0987672198728022,1.1250068402538014,0,-1.3262752836734244,-0.007148043123114649,-1.2632909099076899,-0.2668277628404922,0.19791328049910212,1.529173207640916,-1.5950424449026384,-0.9917440084202818,-0.3550139459573083,-0.26049274336414424,-1.9628506219398367,Gryffindor
330,1.0731400174634482,0.5186632945113604,-1.111113835679795,0,1.0161038990746754,1.0688328822822657,1.6104984654780286,0.2138413603660207,0.5467288849805605,-0.622492863137401,0.831943181035771,0.37259989848198566,2.202194922298221,0.06874896302706836,0.684619020999732,Ravenclaw
331,0.22217227335348916,0.09766089270395989,0.7281300940228107,0,-0.7406804879863995,1.7018782765194613,0.1317600463836332,-0.18151644682564524,0.5479459666430917,-0.25916463471458256,0.2365288101281569,0.9621008817595981,-0.5993578481939859,2.0096241912005133,0.24279379019350536,Hufflepuff
332,1.0628842371296716,-0.1887320080371847,1.5277356519628245,1,1.0161038990746754,-0.03505876185467294,-1.6708655996868604,-0.35339701954366914,0.018272027109488494,2.6722778540505003,-0.9982013429116913,-1.7142890884353474,-1.3409543803050303,-0.07015817298464547,-2.3728677058994716,Gryffindor
333,0.9911971119126861,1.8219445016002853,-1.3371777558822184,1,-1.619072681516937,-0.8504286913650028,1.3091344549630846,0.26243531483449273,0.3366605900276656,-0.5055879293519048,0.8564251930963603,0.1501932344507852,1.4751637177554346,-0.8850221613094424,0.179784672401966,Ravenclaw
334,1.621777407467634,1.2986243658287766,-0.963893020063876,0,-0.447883090142887,0.06784224670557135,1.6739528799478087,0.18219525954442403,0.8811829258441503,-0.32879485404822456,0.9916425514594172,0.00942122414872005,2.4254561916203667,-0.21987926113333575,0.6866532423495332,Ravenclaw
335,-0.8928055117491338,1.1770162316669435,0.7033671013744551,1,1.6016986947617005,0.5363641418158429,-0.05099856209239764,-0.17619347562272267,0.20618943580431462,-0.5669117454955247,1.095533627700635,0.6033595364683019,-0.6758629596842258,-0.39779793095946414,0.45812202428909443,Hufflepuff
336,0.7904899741063147,-0.55543102621588,-1.1071211163471724,0,-1.033477885829912,-0.6672915858697324,1.6749754189277495,0.21298309859085057,0.34956165565049685,0.018740953494798776,1.3782059051604767,0.06265597602961298,1.9308325657270802,-0.5177874927581452,0.4874449431120006,Ravenclaw
337,-1.1041583628453018,0.17603192297434067,1.1017135016490465,1,0.4305091033876504,1.1249530811557933,-0.24911691439866268,-0.26182070362217624,0.734889710007893,-0.7229900869179152,0.3903529363751028,0.5026432072276835,-0.840108409872548,0.08473258063263271,0.8403281973170436,Hufflepuff
338,0.5852311342012405,-0.35841496400839495,0.34943270096622453,1,1.6016986947617005,-0.5625721442092266,-1.0817794114027384,-0.10011290459279892,0.32935810005247795,1.6116219504159501,-1.3922070358923213,-1.4224776658355276,-0.37144686678255895,-0.07015817298464547,-1.5891334126386238,Gryffindor
339,-0.6055250957043817,0.7395051174646248,0.5553600082184142,0,0.13771170554413795,-1.294052892241261,-0.048576159269241505,-0.14437835917514705,0.6353324300128362,-0.3071571864791547,0.582862011004047,0.0043373869110330514,-0.813353276309202,-0.5011439585995038,0.713477128929959,Hufflepuff
340,-0.5208560933045506,0.3715966698064483,0.6638308928082481,1,0.4305091033876504,1.0614861929055397,-0.14030827935373597,-0.1676949026651186,0.44765843765051655,-0.2573187673390221,0.39528928611543585,0.14538254465109912,-0.6137118281750983,-0.0354846033117073,0.5320658030016595,Hufflepuff
341,-1.0157803438307211,-0.4350927930075021,-1.2741121762899958,1,1.0161038990746754,-1.5893829711863845,-0.5465572023172205,0.24887894590800444,-1.8823226970993234,-0.995973362125802,-1.144726413503505,0.32971148102519504,-0.46650172121830624,0.8456074828506671,0.4520690490098782,Slytherin
342,0.7811332027776303,1.9468180953567176,-0.7770307611215302,0,-0.447883090142887,-0.6991181754752038,1.3515806521961686,0.14202796484835153,0.9775757935166249,-0.5499912945528871,1.1764326328724017,-0.1399050163717818,1.927173478690597,-1.872268194959808,0.45098097035729695,Ravenclaw
343,1.5979895238822137,1.656252662911363,0.7665457419081858,1,-0.447883090142887,0.7384281572859551,-1.0391713406633512,-0.18977414775619283,0.4586121726132976,1.8362024811091402,-0.9585819860240282,-1.615371030409509,-0.3338828388629712,-1.3756447850472588,-1.9559323028498299,Gryffindor
344,-0.48763987154498994,1.641134794417848,0.37684637542909216,1,-1.033477885829912,0.3284907505126022,-0.09975782607119804,-0.10600565761357846,0.5211701700674037,-0.286442452597865,0.7204490759891473,-0.2282487366073023,-0.37144686678255895,-0.7326511206838393,0.39304917210907403,Hufflepuff
345,-0.6700524606202279,0.1611559403767221,0.5531003995244614,0,1.6016986947617005,0.016453667071468947,0.07568797576456755,-0.14389264114507758,0.5255516640525166,-0.03007198377002246,0.9998935089471572,0.10345847151428687,-1.5075490532514484,0.2543460506560038,1.0611112081168423,Hufflepuff
346,-1.0146839066527868,0.21491508073966079,0.7387898233897104,1,0.13771170554413795,-1.2137241217846095,0.09469329334936535,-0.18380782708233337,0.6475032466381487,-0.5346090664232166,0.8970051368501682,0.5389779018576776,-0.6056952025011036,-0.5690141711135489,0.4390522430459287,Hufflepuff
347,1.3208169413531625,1.712430662233264,-1.1604382740347194,1,1.308901296918188,1.1834763856350483,1.2576039621545894,0.22444397890619258,0.5352883173527667,-0.5317377171723447,0.44386915240147473,0.37084958314465155,1.5596181547349277,-0.16336292977984757,-0.045890791984661054,Ravenclaw
348,0.8351526480029747,-0.5716978527149019,-0.9016368686681827,0,1.308901296918188,0.9884180089520015,1.3511360700309754,0.16881288263263866,0.5820242531939664,-0.28500677797242907,0.5267002941274594,0.31065236773663757,1.3402703407702359,0.5858400714466677,0.5991478353697343,Ravenclaw
349,-1.188651712828614,-0.7240859671295312,-1.3641309979822214,1,1.0161038990746754,-1.8775668847973008,-0.7104963057544221,0.26822909483358526,-2.306110531992707,-1.0836520624649242,-1.330822495923406,0.1902118953584981,-0.3934991773601286,1.1548274836896983,0.8673659517292934,Slytherin
350,-1.015248314948775,2.3816079932302037,-0.5251651721898726,0,0.7233065012311629,-1.149978167504484,-1.7281961798196996,0.08788776879335694,-2.7688449800870916,-1.1877384728090283,-1.4439851010130969,-0.1720829357520556,-0.41272534690735063,0.5582339490103065,0.724285289810493,Slytherin
351,1.1937766673675256,-0.2955851025493474,0.8294623495991924,1,1.6016986947617005,0.7126708241250913,-0.9400386374598241,-0.20329849417427598,0.559629950603392,1.9067556341305625,-1.1867348226678796,-1.443524646146796,-0.28046822878690586,-1.103684752536732,-2.074150692385104,Gryffindor
352,-0.8445363007321003,0.24962570680077079,0.7680662493653705,0,1.308901296918188,0.5717878621017282,-0.3690298439849404,-0.1901009910228107,0.10784923747178903,0.3385887504044151,0.8771393162310113,-0.6745514348933807,-0.5630438179301294,-1.5076388589504306,0.5202411651132034,Hufflepuff
353,0.918941691501701,0.23807565527172547,-0.8967570457291573,1,-0.447883090142887,-0.20569753959452158,1.4957404090994286,0.16776393199292192,0.43694811902024117,-0.5868060938765653,0.9011427667732285,0.6163310474025565,1.7393892203474344,0.7014482320644488,0.7409979118408014,Ravenclaw
354,-0.7874441023330058,-0.9966309003306163,-1.2952778910768314,0,0.4305091033876504,1.0115774860469045,-0.22052686131404267,0.25342865812976545,-1.4736266748213271,-0.6461814944570937,-0.8474313139172647,0.30907472712566764,-0.7053046658556593,1.0008233467553895,0.39304917210907403,Slytherin
355,-0.9128275652495486,-0.9529100246473714,0.9979882642168644,1,-0.7406804879863995,1.086841957504226,-0.08798665828205567,-0.23952426878862307,0.36781788058846554,-0.2079930891365452,0.610731581542876,0.5776917470633178,-0.4298545016967268,0.32195229556145893,0.39304917210907403,Hufflepuff
356,-1.4987756756421495,-1.4753230883092692,0.9519991650001124,0,-1.033477885829912,0.2995836375263945,0.08927851056818634,-0.22963860374581668,0.4498491846430725,-0.027918471831868574,1.1669271474859977,0.23252509950222758,0.20456885780214,-1.9106029531142668,-0.24761025063122935,Hufflepuff
357,-0.45186582042061296,0.9094299593317312,0.6449715284299217,1,-1.3262752836734244,-1.1167965100119115,-0.05536914676251073,-0.1636409559181804,0.6550491529458423,-0.3743262493120494,0.6233795937668474,0.29874075002124995,-1.687543649599224,1.0054845276827842,1.3265830035011072,Hufflepuff
358,0.6940793013845973,-0.46853351811515687,1.1414189101583057,0,-0.447883090142887,1.0368150605952762,-1.5346365046380597,-0.2703556472413232,0.11466489478196407,2.2788004584935275,-1.2233245295459785,-1.6290699903263706,-1.2975863161227335,-1.2657047431796133,-2.3451246885192174,Gryffindor
359,-1.062748809826878,1.4446025040021555,0.11072092143330806,0,1.308901296918188,0.8081683813168166,0.07427899228719158,-0.04880020800979898,1.0376996276456698,-1.2703923119591247,0.14373406218820878,0.2034535665823935,-0.8450253100293372,-1.1718177278425963,1.0577253368890789,Hufflepuff
360,1.2502937685209743,0.43865953444368,-1.1987028745754,0,0.4305091033876504,0.7881300775601409,1.6111072010580587,0.23266921119785205,0.4425466946678849,-0.7024804494116879,0.605655489010223,0.3949570145062756,2.2914661481028236,0.6804243264256272,0.9396830868251254,Ravenclaw
361,0.9046564945166194,-0.2082038226568318,0.9956289225903424,1,0.13771170554413795,-0.9121419159143312,-0.7830566749307352,-0.23901711249640223,0.8675516112238001,1.4881539326284612,-0.9511006767772842,-1.2957782521976378,-0.2436678258110237,-1.0053416112392264,-1.3793225730460335,Gryffindor
362,1.3486330497901915,0.613180208332815,0.35830947941990343,0,-0.15508569229937452,0.7312693575581296,-0.45001903503158047,-0.10202102760339934,0.835177239000468,1.1024701993238546,-1.0989596896171572,-1.2582960100752103,0.27109990902956543,-0.8851993884222144,-1.1093147448180725,Gryffindor
363,1.071530787477147,1.6098710423732594,-0.7849226126627399,1,-1.619072681516937,0.9357966525818838,1.3933873350839368,0.14372437121926687,0.6326548503552675,-0.867993224086943,0.8393949796642783,0.6091431840930501,2.070146350683618,0.04235657828401168,0.5216220344242132,Ravenclaw
364,0.005021430488360777,-0.21763737259678503,0.6734136269279389,0,0.13771170554413795,1.231019050403539,0.10405801767512628,-0.16975477557663304,0.64872032830068,-0.038378386960044544,0.3519251290075766,0.5168506868791004,-1.0426724229494906,1.597411364410296,0.6289699272349168,Hufflepuff
365,1.1217151809444896,0.10128918114240346,0.6104693900807435,0,0.13771170554413795,1.158602446304711,-0.696219518480427,-0.15622449008628816,0.9366818496555755,1.7520104191460766,-0.9442756100422623,-1.5170904739900515,-0.658755315051119,-1.425822519865133,-1.6823377811156508,Gryffindor
366,-0.7274066831838687,-0.06730528829727374,0.6159301295301729,1,-0.7406804879863995,-0.02866509176151456,0.09260261721869657,-0.157398312622552,0.4128499021021222,-0.08596074597449213,0.996825907193832,0.27877999917522134,-0.9980782422059817,0.037529996463959645,0.6805087507121598,Hufflepuff
367,-0.09721358701128567,-0.6416028766289145,0.6203027010470886,1,0.4305091033876504,2.27457384804247,0.25391754592699556,-0.15833822617006937,0.4673751605835226,-0.43236852345467297,0.6841935249218111,0.8973307196897826,-0.1485437005494102,0.1674841009549529,-0.0336937713500428,Hufflepuff
368,1.329162736158722,1.0861880777579065,0.44888884388085426,0,-0.447883090142887,1.6429275442726006,-0.9074268257116296,-0.12149166895323198,0.45885558894580375,1.732218618952567,-0.979808853517269,-1.663745592688726,-0.8111578137605066,-1.1358217864286986,-1.4416028946654333,Gryffindor
369,-0.8448821790844803,0.8007022491263727,0.65133004635093,1,-0.447883090142887,0.8746871699297782,-0.11408819119586767,-0.16500776195279115,0.17357164724847693,-1.004997602628542,0.4310636564149589,1.0425153507089215,-0.7009293068898987,0.8481606433686641,0.6461220344089776,Hufflepuff
370,-0.9831733304698308,0.6321682511606695,0.48016723294608094,1,0.7233065012311629,0.08046692661179569,-0.988079730248702,0.166957820382551,-2.258400930821482,-0.7049416059124353,0.4714670172133231,-0.0907109228959767,-0.7567772844235098,0.6414021615772573,0.6897200057006754,Slytherin
371,0.8480517494196301,-1.3571013566899834,1.0516629917458724,1,-0.447883090142887,0.6908273829228183,-0.77846037931522,-0.2510620111374099,1.0868697268119327,2.28802979537133,-0.8246706186108286,-1.6961874603060068,-0.6182613475426993,-1.843507433062254,-2.1151856268638496,Gryffindor
372,1.1254757850259194,-0.13569852536193475,1.3224032094763818,0,0.13771170554413795,-1.927337539704314,-1.1859358930729256,-0.30925943512881915,0.5649851099185295,2.2191174133504057,-0.9016352941383591,-1.5412515755606504,-0.7542339203381494,-0.9928997095392419,-2.0435949975711027,Gryffindor
373,1.5470508812248087,0.49393046165597015,-0.8725366738379317,0,0.7233065012311629,-0.8120051827112469,1.5029848184835084,0.16255760075776593,0.6141552090847922,-0.2107618901998859,0.7847497313015511,0.7506523379472272,1.0283331652376406,1.7622198512670935,0.4902881293093482,Ravenclaw
374,-0.7140418221683491,0.7119301253324537,0.49032442282470373,0,0.13771170554413795,0.6715576287179235,-0.05332634871116925,-0.1303985243009108,0.44059936400783484,-0.27629018203228245,0.7273598276395775,0.011916475358728253,-0.8209827578662028,-0.6275416599935039,0.6809215489640316,Hufflepuff
375,-0.7616608253116164,2.0742314910200603,0.23311656021235988,0,-0.15508569229937452,0.7564385449020163,-0.2124673846271093,-0.0751099707204654,0.6085566334371485,-0.22419570276646483,0.8175818914721741,-0.8486093743120497,-0.37144686678255895,-1.732450033657096,1.378210014768143,Hufflepuff
376,0.38514411515950137,-0.29981810572753154,-1.3939182570876791,1,1.6016986947617005,-0.3607522201721404,1.26935461076688,0.27463206577832977,-0.08785749386323705,-0.2559856409011173,0.8108513187105523,0.430084369638016,0.9935894277837259,-0.3336574574952419,-0.056840906656487965,Ravenclaw
377,-0.9987464465223246,1.0973753004431073,-0.9483352639727617,1,-0.7406804879863995,-1.3116248077419022,-1.2093801925840222,0.1788510156224119,-2.4689560584393897,-1.181483033369629,-1.435582445943958,0.13913808352398538,-0.38447456195714086,0.8379901696831777,0.5488767380607088,Slytherin
378,1.3516394191715968,0.6998963020116159,0.4245079767153107,1,-1.033477885829912,-0.3072646316693712,-0.9476694913413389,-0.11625083818340627,0.5053481084544977,1.943980626204365,-1.1592228008816454,-1.6790065360408903,-0.7126128870926656,-0.07015817298464547,-2.1209901320107396,Gryffindor
379,-0.9565814051905482,0.8415204940588628,-0.8987436175832878,1,-1.033477885829912,0.23190894660033154,-1.2384547262332688,0.168190958924692,-2.306840780990226,-1.6957621938382812,-2.1047750963570304,0.657179850151234,-0.16920595194278995,1.731298143968977,0.48006017353001135,Slytherin
380,0.5204083682464526,-1.9141041034650432,1.4043067951809678,1,1.308901296918188,-0.11046640643288906,-1.2204879069881864,-0.3268651596998585,0.5472157176455732,2.029095621855209,-1.3333167875112852,-1.2420280400294537,-0.42631474722033164,-1.0527570071447492,-2.4017491893802987,Gryffindor
381,-0.5595935292529024,-0.13303778050707613,0.8938375809721051,1,1.6016986947617005,-0.10016628523950948,-0.26775402675433696,-0.21713638152680684,-0.067410521932712,0.00787084561649823,0.6456132537607145,0.34431702059120173,-0.6332875145635897,0.6433233326236119,0.4222905540075963,Hufflepuff
382,1.019070472491932,0.42075997814735844,0.7409887260361118,1,1.0161038990746754,0.8775925081970468,-1.3281018699584417,-0.18428049594069937,0.2305310690549397,2.1435393991399576,-1.1755819806319026,-1.6930578977147819,-1.3669348393206193,-1.336232394242745,-2.166923644944581,Gryffindor
383,0.89019417602296,-0.7076981976825611,0.5350194363418329,1,-0.7406804879863995,0.5178306897029541,-0.9579495989456885,-0.14000601695110612,0.2677737679283963,1.3770942455322397,-1.6012167956568728,-1.10694260479053,-0.3774764213755682,-0.3155154048805804,-1.6418037518793833,Gryffindor
384,0.9205786312198583,-0.017295379320726736,0.6261594130043263,0,-1.3262752836734244,-0.6198309192273525,-0.8979937041296832,-0.15959716565023993,0.44960576831056615,1.4317524294863357,-1.2039406172518845,-1.3736444278237385,-0.3670117085245999,-0.8924673583285948,-1.3679027345260035,Gryffindor
385,1.163829231148716,0.25682181220368383,0.9392394156345663,0,0.13771170554413795,-0.03357342089047709,-0.658848397656144,-0.22689581011849544,1.0488967789409576,1.5172776178873042,-0.8554934409087039,-1.322623225200911,-0.12085707174608505,-1.172641539913111,-1.4796697310685998,Gryffindor
386,0.5178302437851848,0.15529020740123836,-1.3905342032881967,1,0.4305091033876504,0.807044654009475,1.3198317858301518,0.27390464073808607,0.08326418788865762,-0.7306812009827506,0.48483655329577446,0.2520805150161702,2.0159860864888692,-0.5922026687943982,0.41474157592849037,Ravenclaw
387,1.2641679769655425,0.3591395461677921,-0.9831707910830978,1,-1.033477885829912,-0.029835592776529047,1.6423715868594424,0.18633914560250392,0.5620641139284545,-0.6788943662795264,0.7824218041648525,0.6888874518818274,1.8328668303801803,1.3901506305900402,1.0491794432694226,Ravenclaw
388,-1.0323763599338518,2.5368382669216136,0.2757169464239024,1,-0.7406804879863995,-1.3191516722296708,-0.3061089281133876,-0.0842672091955364,0.377797950221222,-0.6534624157718044,0.8166429379315193,-0.5025180619203501,-1.1782384644899617,-1.8798894643790722,1.2517745224175314,Hufflepuff
389,1.4060033828472778,0.09711664943819336,-0.8194324348808982,1,0.4305091033876504,-0.4781089950112238,1.5546977039751586,0.15114248875028485,0.6791473698639614,-0.36355868962128,0.7026385994338693,0.6617240712159188,1.544913569224224,1.5384160455496645,0.703370965096162,Ravenclaw
390,-0.6974273138144136,-0.02086319628519623,-1.0048509549025537,1,-0.7406804879863995,2.2157975458840613,-0.6393608794152532,0.1909994420910736,-1.6155383966724717,-1.0831393215272684,-1.2718161986998835,0.6572168476231968,-0.4267788149213603,0.9005228304541468,-0.17121531732448286,Slytherin
391,-0.8827690403389377,0.231484264608553,0.9637102935447653,0,-0.447883090142887,0.6047686068899625,0.07813887744446929,-0.23215598930103354,1.1233821766878704,-0.5023063873509084,0.7023566617664901,0.36996547881983005,-0.5716670527082077,-0.7030426564656053,0.486556061329415,Hufflepuff
392,-0.996551387639133,1.9295232538001368,0.6862428111227495,0,1.0161038990746754,-1.3911772994316252,-0.2734366987888981,-0.17251249468577717,0.9047943100972565,-0.8304605874505468,0.39928729663264007,-0.20702701563579484,-0.360591333204383,-2.107784334720785,0.39304917210907403,Hufflepuff
393,1.2563041824898962,1.2535731177181024,-1.214021980830418,0,-1.3262752836734244,0.5012579907154433,1.0428867357269145,0.23596215573843796,0.17040723492589568,-0.12513415361138647,0.4714670172133231,0.3328516049245378,1.0320244807296066,-0.054175110065061365,-0.5285188509692711,Ravenclaw
394,1.2578106991632088,-0.6856261096820295,-0.34633405243641957,1,-0.447883090142887,0.2231780535300842,1.6075801825475418,0.04944682128141517,1.3173849936953528,0.13800449559351108,1.0182805813653215,-0.036743734042359796,1.7212298889677577,0.45247471297590186,0.9197338710836935,Ravenclaw
395,-0.9505588469154135,-0.22531724979149054,-1.1606000000053533,0,-1.3262752836734244,2.0193849943193376,-0.5735832381437787,0.2244787429872822,-1.7017077783796846,-1.1970703578743618,-1.3232825947368714,0.6761092824288588,-0.7539891488654359,1.4309466336446364,0.39304917210907403,Slytherin
396,-1.639882880090438,0.13660452194325404,1.1395926923352655,0,1.308901296918188,-1.0653616881809698,-0.400314748963179,-0.2699630894830447,0.02484426808715732,-0.38324794162725834,1.0758405256199273,0.1402638913835805,0.01417916125531749,-1.963964591540733,0.11872722707371977,Hufflepuff
397,-0.5733099760874127,0.7497852680402148,0.48016723294608094,1,1.308901296918188,-2.3299275946007705,-0.0735479975017605,-0.1282151682746708,0.25268195531300885,-0.21117208295001044,0.7817499660260502,0.13628114222040216,-1.1594898513521328,0.17510913305824768,0.9006957228158277,Hufflepuff
398,1.113467057798455,0.3892543402068736,-1.4945280613414929,0,1.0161038990746754,-0.7675505878061423,1.7242089038827555,0.29625881737413495,0.1743018962459957,-0.41134614501078987,1.072111077761863,0.7096980626896469,1.5380076948349326,0.5148669454285202,0.2649186046787636,Ravenclaw
399,0.17767067353549895,-0.1893367227769253,-1.51298747646518,0,0.13771170554413795,1.0730640854097888,1.4440343633333925,-0.1279887277931851,-0.0737393465778746,-0.3140279150437409,1.1667585388513217,-0.0011839879244687867,-0.37144686678255895,-1.7563557150707676,0.11071048437650707,Ravenclaw
